/*******************************************************************************
 * Size: 25 px
 * Bpp: 1
 * Opts: --bpp 1 --size 25 --no-compress --font SourceHanSerifCN-Bold-2.otf --symbols 行走电机参数设定快速行走速度单圈脉冲数慢速行走速度行走变速比行走速度系数行走轮内径行走长度系数行走轮夹角升降电机参数设定单圈脉冲数快速上升速度升降变速比快速下降速度慢速升降速度顶漆电机参数设定快速顶漆速度顶漆后退行程慢速顶漆速度顶漆脉冲数顶漆工作速度顶漆变速比大料顶漆行程顶漆丝杆导程小料顶漆行程顶漆漆筒内径喷头电机参数设定其他参数设定喷头工作速度行走电机补偿时间喷头闭合力矩检测时间喷头张开力矩工作记录序号日期时间涂覆线径涂覆厚度行走速度涂覆长度材料及工作模式材料类型标准模式手动模式涂覆线径设定顶漆速度设定涂覆厚度设定行走速度设定:顶漆工作速度行走工作速故障事件记录序号日期时间故障事件确定取消正在连接保存地址端口账号密码用户操作员管理员原修改确认小主页上一下一左右限位自缆当前电池电压选择新qwertyuiopasdfghjklzxcvbnmQWERTYUIO0PASDFGHJKLZXCVBNM0123456789~·！@#￥%……&*（）()-_=+{[}]:：;"'<,>.?/|\!@#$%^&*°  --format lvgl -o lv_font_cn_songti_bold_25.c
 ******************************************************************************/

#ifdef LV_LVGL_H_INCLUDE_SIMPLE
#include "lvgl.h"
#else
#include "lvgl/lvgl.h"
#endif

#ifndef LV_FONT_CN_SONGTI_BOLD_25
#define LV_FONT_CN_SONGTI_BOLD_25 1
#endif

#if LV_FONT_CN_SONGTI_BOLD_25

/*-----------------
 *    BITMAPS
 *----------------*/

/*Store the image of the glyphs*/
static LV_ATTRIBUTE_LARGE_CONST const uint8_t glyph_bitmap[] = {
    /* U+0020 " " */
    0x0,

    /* U+0021 "!" */
    0x6f, 0xff, 0xff, 0x66, 0x66, 0x66, 0x0, 0x6,
    0xff, 0x60,

    /* U+0022 "\"" */
    0x63, 0x7b, 0xfd, 0xfe, 0xff, 0x7b, 0x19, 0x8c,
    0xc6, 0x63, 0x0,

    /* U+0023 "#" */
    0x4, 0x30, 0x10, 0x80, 0x42, 0x3, 0x8, 0x8,
    0x21, 0xff, 0xf7, 0xff, 0xc2, 0x18, 0x8, 0x40,
    0x21, 0x0, 0x84, 0x6, 0x10, 0xff, 0xfb, 0xff,
    0xe1, 0xc, 0x4, 0x20, 0x10, 0x80, 0x42, 0x3,
    0x8, 0x0,

    /* U+0024 "$" */
    0x4, 0x0, 0x40, 0x1f, 0x87, 0x4c, 0x64, 0xee,
    0x4f, 0xe4, 0x6e, 0x40, 0xf4, 0x7, 0xc0, 0x7f,
    0x3, 0xfc, 0xf, 0xe0, 0x7e, 0x4, 0xf0, 0x47,
    0xc4, 0x7e, 0x47, 0xe4, 0xe6, 0x5c, 0x3f, 0x0,
    0x40, 0x4, 0x0, 0x40,

    /* U+0025 "%" */
    0x3c, 0x0, 0x83, 0x30, 0x4, 0x10, 0x80, 0x41,
    0x86, 0x4, 0xc, 0x30, 0x20, 0x61, 0x82, 0x3,
    0xc, 0x20, 0x18, 0x61, 0x3c, 0xc3, 0x13, 0x32,
    0x11, 0x10, 0x99, 0x99, 0x86, 0x78, 0x8c, 0x30,
    0x8, 0x61, 0x80, 0xc3, 0xc, 0x4, 0x18, 0x60,
    0x40, 0xc3, 0x6, 0x2, 0x10, 0x20, 0x19, 0x82,
    0x0, 0x78,

    /* U+0026 "&" */
    0xf, 0x80, 0x7, 0x30, 0x3, 0x86, 0x0, 0xe1,
    0x80, 0x38, 0x60, 0xf, 0x30, 0x1, 0xcc, 0x0,
    0x7c, 0x3f, 0xf, 0x2, 0x7, 0xe0, 0x83, 0x38,
    0x21, 0x87, 0x10, 0xe1, 0xe4, 0x38, 0x3e, 0xe,
    0x7, 0x83, 0xc0, 0xf0, 0x78, 0x7e, 0x1f, 0xf3,
    0xc1, 0xf0, 0x7c,

    /* U+0027 "'" */
    0x6f, 0xff, 0xf6, 0x66, 0x60,

    /* U+0028 "(" */
    0x2, 0xc, 0x30, 0xc1, 0x86, 0x1c, 0x38, 0x61,
    0xc3, 0x87, 0xe, 0x1c, 0x38, 0x70, 0xe0, 0xc1,
    0xc3, 0x83, 0x7, 0x6, 0x6, 0x4, 0x4,

    /* U+0029 ")" */
    0x81, 0x81, 0x81, 0x83, 0x3, 0x7, 0xe, 0xc,
    0x1c, 0x38, 0x70, 0xe1, 0xc3, 0x87, 0xe, 0x18,
    0x70, 0xe1, 0x87, 0xc, 0x30, 0x41, 0x0,

    /* U+002A "*" */
    0x6, 0x0, 0xc0, 0x18, 0x63, 0x3f, 0x4e, 0x3f,
    0x1, 0x80, 0x48, 0x39, 0x86, 0x18, 0x0, 0x0,

    /* U+002B "+" */
    0x2, 0x0, 0x10, 0x0, 0x80, 0x4, 0x0, 0x20,
    0x1, 0x0, 0x8, 0x1f, 0xff, 0x2, 0x0, 0x10,
    0x0, 0x80, 0x4, 0x0, 0x20, 0x1, 0x0, 0x8,
    0x0,

    /* U+002C "," */
    0x33, 0xde, 0x71, 0x88, 0x44, 0xc0, 0x0,

    /* U+002D "-" */
    0xfe,

    /* U+002E "." */
    0x6f, 0xf6,

    /* U+002F "/" */
    0x0, 0xc0, 0x60, 0x18, 0x6, 0x1, 0x0, 0xc0,
    0x30, 0xc, 0x6, 0x1, 0x80, 0x60, 0x30, 0xc,
    0x3, 0x0, 0x80, 0x60, 0x18, 0x4, 0x3, 0x0,
    0xc0, 0x30, 0x18, 0x6, 0x1, 0x80, 0xc0, 0x0,

    /* U+0030 "0" */
    0xf, 0x3, 0x9c, 0x30, 0xc7, 0xe, 0x60, 0x6e,
    0x7, 0xe0, 0x7e, 0x7, 0xe0, 0x7e, 0x7, 0xe0,
    0x7e, 0x7, 0xe0, 0x7e, 0x7, 0x60, 0x67, 0xe,
    0x30, 0xc3, 0x9c, 0xf, 0x0,

    /* U+0031 "1" */
    0xe, 0x1f, 0xc0, 0x78, 0xf, 0x1, 0xe0, 0x3c,
    0x7, 0x80, 0xf0, 0x1e, 0x3, 0xc0, 0x78, 0xf,
    0x1, 0xe0, 0x3c, 0x7, 0x80, 0xf0, 0x1e, 0x3,
    0xc3, 0xff, 0x80,

    /* U+0032 "2" */
    0x1f, 0x87, 0x3e, 0x61, 0xee, 0xf, 0xe0, 0xf4,
    0xf, 0x0, 0xf0, 0xe, 0x1, 0xe0, 0x1c, 0x3,
    0x80, 0x70, 0xe, 0x1, 0xc0, 0x18, 0x2, 0x0,
    0x40, 0xf, 0xff, 0xff, 0xf0,

    /* U+0033 "3" */
    0xf, 0x81, 0xc7, 0x1c, 0x1c, 0xe0, 0xe0, 0x7,
    0x0, 0x38, 0x3, 0x80, 0x38, 0xf, 0x0, 0xf,
    0x0, 0x3c, 0x0, 0xf0, 0x7, 0x80, 0x3f, 0x81,
    0xfc, 0xf, 0x70, 0xf1, 0x8f, 0x7, 0xe0,

    /* U+0034 "4" */
    0x1, 0xc0, 0xe, 0x0, 0xf0, 0x7, 0x80, 0x5c,
    0x4, 0xe0, 0x27, 0x2, 0x38, 0x21, 0xc1, 0xe,
    0x10, 0x70, 0x83, 0x8f, 0xff, 0xff, 0xfc, 0x7,
    0x0, 0x38, 0x1, 0xc0, 0xe, 0x0, 0x70,

    /* U+0035 "5" */
    0x3f, 0xf1, 0xff, 0x88, 0x0, 0x40, 0x2, 0x0,
    0x10, 0x0, 0x80, 0x7, 0xf0, 0x1, 0xe0, 0x7,
    0x80, 0x1e, 0x0, 0xf0, 0x7, 0xa0, 0x3f, 0x81,
    0xfc, 0xe, 0x60, 0xf3, 0x8f, 0x7, 0xe0,

    /* U+0036 "6" */
    0x0, 0x70, 0xe, 0x1, 0xc0, 0x1c, 0x1, 0xc0,
    0x1c, 0x1, 0xe0, 0xe, 0x0, 0xf7, 0xc7, 0xc7,
    0xbc, 0x3d, 0xe0, 0xff, 0x7, 0xf8, 0x3f, 0xc1,
    0xee, 0xf, 0x78, 0x71, 0xc7, 0x87, 0x38, 0x1f,
    0x80,

    /* U+0037 "7" */
    0xff, 0xff, 0xff, 0x0, 0x30, 0x2, 0x0, 0x60,
    0x4, 0x0, 0xc0, 0xc, 0x1, 0x80, 0x18, 0x3,
    0x0, 0x30, 0x7, 0x0, 0x60, 0xe, 0x0, 0xe0,
    0x1c, 0x1, 0xc0, 0x38, 0x0,

    /* U+0038 "8" */
    0x1f, 0x83, 0xe, 0x60, 0x7e, 0x7, 0xe0, 0x7e,
    0x7, 0xf0, 0x67, 0xcc, 0x3f, 0x81, 0xfc, 0x17,
    0xe7, 0x1f, 0x60, 0xfe, 0x7, 0xe0, 0x7e, 0x7,
    0xe0, 0x67, 0xe, 0x1f, 0x80,

    /* U+0039 "9" */
    0xf, 0x81, 0xc7, 0x1e, 0x3c, 0xe0, 0xef, 0x7,
    0x78, 0x3f, 0xc1, 0xfe, 0xf, 0xf0, 0x7b, 0xc3,
    0xce, 0x3e, 0x3e, 0xe0, 0xf, 0x0, 0x78, 0x3,
    0x80, 0x38, 0x3, 0x80, 0x38, 0x7, 0x0, 0xe0,
    0x0,

    /* U+003A ":" */
    0x6f, 0xf6, 0x0, 0x0, 0x0, 0x6f, 0xf6,

    /* U+003B ";" */
    0x33, 0xde, 0x60, 0x0, 0x0, 0x0, 0xc, 0xf7,
    0x9c, 0x62, 0x11, 0x30, 0x0,

    /* U+003C "<" */
    0x0, 0x30, 0xe, 0x1, 0x80, 0x70, 0x1c, 0x7,
    0x0, 0xc0, 0xe, 0x0, 0x38, 0x0, 0xe0, 0x3,
    0x80, 0xc, 0x0, 0x30, 0x1,

    /* U+003D "=" */
    0xff, 0xf8, 0x0, 0x0, 0x0, 0x0, 0x0, 0x0,
    0x0, 0x3, 0xff, 0xe0,

    /* U+003E ">" */
    0xc0, 0x7, 0x0, 0x18, 0x0, 0xe0, 0x3, 0x80,
    0xe, 0x0, 0x30, 0x7, 0x1, 0xc0, 0x70, 0x1c,
    0x7, 0x0, 0xc0, 0x8, 0x0,

    /* U+003F "?" */
    0x40, 0xf8, 0xfc, 0x3e, 0x1, 0x1, 0x1, 0x7,
    0x1e, 0x7e, 0x78, 0x60, 0x40, 0x0, 0x0, 0x0,
    0x60, 0xf0, 0xf0, 0x60,

    /* U+0040 "@" */
    0x0, 0x7f, 0x0, 0x6, 0x3, 0x0, 0x60, 0x2,
    0x2, 0x0, 0x4, 0x10, 0x0, 0x8, 0x80, 0xf6,
    0x22, 0xe, 0x70, 0x50, 0x71, 0xc1, 0x43, 0x87,
    0x6, 0xe, 0x1c, 0x18, 0x70, 0x70, 0x61, 0xc1,
    0x81, 0x87, 0x6, 0xa, 0x1c, 0x18, 0x28, 0x70,
    0xe1, 0x20, 0xe5, 0x88, 0xc3, 0xe3, 0xc1, 0x0,
    0x0, 0x6, 0x0, 0x0, 0xc, 0x0, 0x0, 0x18,
    0x0, 0x0, 0x38, 0xc, 0x0, 0x1f, 0xc0, 0x0,

    /* U+0041 "A" */
    0x0, 0xc0, 0x0, 0x78, 0x0, 0x1e, 0x0, 0x7,
    0x80, 0x2, 0xf0, 0x0, 0x9c, 0x0, 0x27, 0x0,
    0x19, 0xe0, 0x4, 0x78, 0x1, 0xe, 0x0, 0x43,
    0xc0, 0x20, 0xf0, 0xf, 0xfc, 0x2, 0x7, 0x81,
    0x81, 0xe0, 0x40, 0x38, 0x10, 0xe, 0xc, 0x3,
    0xcf, 0xc3, 0xfc,

    /* U+0042 "B" */
    0xff, 0xf8, 0x1e, 0x3e, 0x1e, 0x1e, 0x1e, 0xf,
    0x1e, 0xf, 0x1e, 0xf, 0x1e, 0xf, 0x1e, 0x1e,
    0x1e, 0x38, 0x1f, 0xf0, 0x1e, 0x3c, 0x1e, 0x1e,
    0x1e, 0xf, 0x1e, 0xf, 0x1e, 0xf, 0x1e, 0xf,
    0x1e, 0x1e, 0x1e, 0x3c, 0xff, 0xf0,

    /* U+0043 "C" */
    0x3, 0xf8, 0x1e, 0xc, 0x70, 0x19, 0xe0, 0x37,
    0x80, 0x6f, 0x0, 0x7c, 0x0, 0x78, 0x0, 0xf0,
    0x1, 0xe0, 0x3, 0xc0, 0x7, 0x80, 0xf, 0x0,
    0xf, 0x0, 0x5e, 0x0, 0x9c, 0x3, 0x1c, 0x6,
    0x1e, 0xc, 0xf, 0xe0,

    /* U+0044 "D" */
    0xff, 0xf0, 0x7, 0x87, 0x1, 0xe0, 0xe0, 0x78,
    0x1c, 0x1e, 0x7, 0x87, 0x80, 0xe1, 0xe0, 0x3c,
    0x78, 0xf, 0x1e, 0x3, 0xc7, 0x80, 0xf1, 0xe0,
    0x3c, 0x78, 0xf, 0x1e, 0x3, 0xc7, 0x81, 0xe1,
    0xe0, 0x78, 0x78, 0x1c, 0x1e, 0xe, 0x7, 0x87,
    0xf, 0xff, 0x0,

    /* U+0045 "E" */
    0xff, 0xfe, 0x3c, 0xc, 0x78, 0x18, 0xf0, 0x31,
    0xe0, 0x63, 0xc0, 0x7, 0x84, 0xf, 0x8, 0x1e,
    0x10, 0x3f, 0xe0, 0x78, 0x40, 0xf0, 0x81, 0xe0,
    0x3, 0xc0, 0x47, 0x80, 0x8f, 0x3, 0x1e, 0x6,
    0x3c, 0xf, 0xff, 0xf8,

    /* U+0046 "F" */
    0xff, 0xfc, 0xf0, 0x33, 0xc0, 0xcf, 0x1, 0x3c,
    0x4, 0xf0, 0x3, 0xc3, 0xf, 0xc, 0x3c, 0x30,
    0xff, 0xc3, 0xc3, 0xf, 0xc, 0x3c, 0x0, 0xf0,
    0x3, 0xc0, 0xf, 0x0, 0x3c, 0x0, 0xf0, 0xf,
    0xf8, 0x0,

    /* U+0047 "G" */
    0x3, 0xf8, 0x7, 0x83, 0x7, 0x1, 0x87, 0x80,
    0xc7, 0x80, 0x63, 0xc0, 0x13, 0xc0, 0x1, 0xe0,
    0x0, 0xf0, 0x0, 0x78, 0x0, 0x3c, 0x1f, 0xfe,
    0x1, 0xef, 0x0, 0xf3, 0xc0, 0x79, 0xe0, 0x3c,
    0x70, 0x1e, 0x1c, 0xf, 0x7, 0x87, 0x80, 0xfe,
    0x0,

    /* U+0048 "H" */
    0xff, 0x1f, 0xe7, 0x80, 0xf0, 0xf0, 0x1e, 0x1e,
    0x3, 0xc3, 0xc0, 0x78, 0x78, 0xf, 0xf, 0x1,
    0xe1, 0xe0, 0x3c, 0x3c, 0x7, 0x87, 0xff, 0xf0,
    0xf0, 0x1e, 0x1e, 0x3, 0xc3, 0xc0, 0x78, 0x78,
    0xf, 0xf, 0x1, 0xe1, 0xe0, 0x3c, 0x3c, 0x7,
    0x87, 0x80, 0xf3, 0xfc, 0x7f, 0x80,

    /* U+0049 "I" */
    0xff, 0x3c, 0x3c, 0x3c, 0x3c, 0x3c, 0x3c, 0x3c,
    0x3c, 0x3c, 0x3c, 0x3c, 0x3c, 0x3c, 0x3c, 0x3c,
    0x3c, 0x3c, 0xff,

    /* U+004A "J" */
    0x1f, 0xf0, 0x78, 0x7, 0x80, 0x78, 0x7, 0x80,
    0x78, 0x7, 0x80, 0x78, 0x7, 0x80, 0x78, 0x7,
    0x80, 0x78, 0x7, 0x80, 0x78, 0x7, 0x80, 0x78,
    0x7, 0x80, 0x78, 0x7, 0x0, 0x70, 0xe6, 0xf,
    0xe0, 0x78, 0x0,

    /* U+004B "K" */
    0xff, 0x1f, 0x8f, 0x1, 0x3, 0xc0, 0xc0, 0xf0,
    0x20, 0x3c, 0x10, 0xf, 0x8, 0x3, 0xc4, 0x0,
    0xf3, 0x80, 0x3c, 0xe0, 0xf, 0x7c, 0x3, 0xef,
    0x0, 0xf1, 0xe0, 0x3c, 0x38, 0xf, 0xf, 0x3,
    0xc1, 0xc0, 0xf0, 0x78, 0x3c, 0xe, 0xf, 0x3,
    0xcf, 0xf1, 0xfc,

    /* U+004C "L" */
    0xff, 0x0, 0xf0, 0x3, 0xc0, 0xf, 0x0, 0x3c,
    0x0, 0xf0, 0x3, 0xc0, 0xf, 0x0, 0x3c, 0x0,
    0xf0, 0x3, 0xc0, 0xf, 0x0, 0x3c, 0x0, 0xf0,
    0x3, 0xc0, 0xcf, 0x3, 0x3c, 0xc, 0xf0, 0x3f,
    0xff, 0xc0,

    /* U+004D "M" */
    0xfc, 0x0, 0x7e, 0x38, 0x1, 0xf0, 0x78, 0x3,
    0xe0, 0xf0, 0x7, 0xc1, 0x70, 0x17, 0x82, 0xe0,
    0x2f, 0x5, 0xc0, 0x5e, 0x9, 0xc1, 0x3c, 0x13,
    0x82, 0x78, 0x27, 0x88, 0xf0, 0x47, 0x11, 0xe0,
    0x8e, 0x23, 0xc1, 0x1e, 0x87, 0x82, 0x1d, 0xf,
    0x4, 0x3e, 0x1e, 0x8, 0x38, 0x3c, 0x10, 0x70,
    0x78, 0x20, 0xe0, 0xf3, 0xf0, 0x87, 0xf8,

    /* U+004E "N" */
    0xfc, 0xf, 0xe7, 0x80, 0x20, 0xf8, 0x4, 0x1f,
    0x80, 0x82, 0xf8, 0x10, 0x4f, 0x2, 0x9, 0xf0,
    0x41, 0x1f, 0x8, 0x21, 0xe1, 0x4, 0x1e, 0x20,
    0x83, 0xe4, 0x10, 0x3c, 0x82, 0x3, 0xd0, 0x40,
    0x7e, 0x8, 0x7, 0xc1, 0x0, 0x78, 0x20, 0x7,
    0x4, 0x0, 0xe3, 0xf8, 0xc, 0x0,

    /* U+004F "O" */
    0x3, 0xe0, 0x7, 0x1c, 0x7, 0x7, 0x7, 0x1,
    0xc7, 0x80, 0xf3, 0x80, 0x3b, 0xc0, 0x1f, 0xe0,
    0xf, 0xf0, 0x7, 0xf8, 0x3, 0xfc, 0x1, 0xfe,
    0x0, 0xff, 0x0, 0x7b, 0x80, 0x39, 0xe0, 0x3c,
    0x70, 0x1c, 0x3c, 0x1c, 0x7, 0x1c, 0x0, 0xf8,
    0x0,

    /* U+0050 "P" */
    0xff, 0xe0, 0x78, 0xf0, 0xf0, 0xf1, 0xe0, 0xf3,
    0xc1, 0xe7, 0x83, 0xcf, 0x7, 0x9e, 0xf, 0x3c,
    0x3c, 0x78, 0xf0, 0xff, 0x81, 0xe0, 0x3, 0xc0,
    0x7, 0x80, 0xf, 0x0, 0x1e, 0x0, 0x3c, 0x0,
    0x78, 0x3, 0xfe, 0x0,

    /* U+0051 "Q" */
    0x3, 0xe0, 0x7, 0x1c, 0x7, 0x7, 0x7, 0x1,
    0xc7, 0x80, 0xf3, 0x80, 0x7b, 0xc0, 0x1f, 0xe0,
    0xf, 0xf0, 0x7, 0xf8, 0x3, 0xfc, 0x1, 0xfe,
    0x0, 0xff, 0x0, 0x7f, 0x80, 0x3d, 0xc0, 0x3c,
    0xf0, 0x1e, 0x38, 0xe, 0xe, 0xe, 0x3, 0x8e,
    0x0, 0x7c, 0x0, 0x1c, 0x0, 0xe, 0x0, 0x3,
    0x80, 0x1, 0xe0, 0x0, 0x3f, 0x0,

    /* U+0052 "R" */
    0xff, 0xf0, 0xf, 0xf, 0x3, 0xc1, 0xe0, 0xf0,
    0x3c, 0x3c, 0xf, 0xf, 0x3, 0xc3, 0xc0, 0xf0,
    0xf0, 0x78, 0x3c, 0x3c, 0xf, 0xf0, 0x3, 0xc3,
    0x80, 0xf0, 0xf0, 0x3c, 0x1c, 0xf, 0x7, 0x83,
    0xc1, 0xe0, 0xf0, 0x38, 0x3c, 0xe, 0xf, 0x3,
    0xcf, 0xf0, 0x7c,

    /* U+0053 "S" */
    0x1f, 0x83, 0x6, 0x60, 0x6e, 0x6, 0xe0, 0x6e,
    0x0, 0xf0, 0x7, 0xc0, 0x7f, 0x3, 0xfc, 0xf,
    0xe0, 0x3f, 0x0, 0xf0, 0x7, 0xc0, 0x7c, 0x7,
    0xc0, 0xec, 0x1c, 0x3f, 0x0,

    /* U+0054 "T" */
    0xff, 0xff, 0xc1, 0xe3, 0xc1, 0xe3, 0xc1, 0xe3,
    0x81, 0xe3, 0x1, 0xe0, 0x1, 0xe0, 0x1, 0xe0,
    0x1, 0xe0, 0x1, 0xe0, 0x1, 0xe0, 0x1, 0xe0,
    0x1, 0xe0, 0x1, 0xe0, 0x1, 0xe0, 0x1, 0xe0,
    0x1, 0xe0, 0x1, 0xe0, 0x1f, 0xf0,

    /* U+0055 "U" */
    0xff, 0xf, 0xe7, 0x80, 0x20, 0xf0, 0x4, 0x1e,
    0x0, 0x83, 0xc0, 0x10, 0x78, 0x2, 0xf, 0x0,
    0x41, 0xe0, 0x8, 0x3c, 0x1, 0x7, 0x80, 0x20,
    0xf0, 0x4, 0x1e, 0x0, 0x83, 0xc0, 0x10, 0x78,
    0x2, 0xf, 0x80, 0xc0, 0xf0, 0x10, 0x1f, 0x6,
    0x1, 0xff, 0x80, 0xf, 0xc0, 0x0,

    /* U+0056 "V" */
    0xff, 0xf, 0xcf, 0x0, 0xc3, 0xc0, 0x20, 0x70,
    0x8, 0x1e, 0x2, 0x7, 0x81, 0x0, 0xe0, 0x40,
    0x3c, 0x10, 0xf, 0x8, 0x1, 0xc2, 0x0, 0x78,
    0x80, 0x1e, 0x40, 0x3, 0x90, 0x0, 0xf4, 0x0,
    0x3e, 0x0, 0x7, 0x80, 0x1, 0xe0, 0x0, 0x70,
    0x0, 0xc, 0x0,

    /* U+0057 "W" */
    0xff, 0x3f, 0xc7, 0xe7, 0x81, 0xc0, 0x20, 0xf0,
    0x3c, 0x4, 0xe, 0x7, 0x80, 0x81, 0xc0, 0xf0,
    0x30, 0x3c, 0x2f, 0x4, 0x7, 0x85, 0xe0, 0x80,
    0x70, 0x9c, 0x10, 0xe, 0x13, 0xc4, 0x1, 0xe4,
    0x78, 0x80, 0x1c, 0x87, 0x10, 0x3, 0x90, 0xf2,
    0x0, 0x74, 0x1e, 0x80, 0xf, 0x81, 0xd0, 0x0,
    0xf0, 0x3a, 0x0, 0x1e, 0x7, 0x80, 0x3, 0x80,
    0xf0, 0x0, 0x30, 0xe, 0x0, 0x6, 0x1, 0xc0,
    0x0,

    /* U+0058 "X" */
    0xff, 0x1f, 0x9e, 0x2, 0x7, 0x83, 0x3, 0xc1,
    0x0, 0xf1, 0x0, 0x7c, 0x80, 0x1e, 0x80, 0x7,
    0xc0, 0x3, 0xc0, 0x0, 0xf0, 0x0, 0x78, 0x0,
    0x5e, 0x0, 0x6f, 0x0, 0x23, 0xc0, 0x20, 0xe0,
    0x10, 0x78, 0x10, 0x1c, 0x18, 0xf, 0x3f, 0x1f,
    0xe0,

    /* U+0059 "Y" */
    0xff, 0x1f, 0x9c, 0x3, 0xf, 0x1, 0x7, 0x80,
    0x81, 0xe0, 0x80, 0xf0, 0x40, 0x3c, 0x40, 0x1e,
    0x20, 0x7, 0xa0, 0x3, 0xd0, 0x0, 0xf0, 0x0,
    0x78, 0x0, 0x3c, 0x0, 0x1e, 0x0, 0xf, 0x0,
    0x7, 0x80, 0x3, 0xc0, 0x1, 0xe0, 0x3, 0xfe,
    0x0,

    /* U+005A "Z" */
    0xff, 0xff, 0x0, 0xfc, 0x7, 0xb0, 0x1c, 0xc0,
    0xf0, 0x7, 0x80, 0x1e, 0x0, 0xf0, 0x3, 0x80,
    0x1e, 0x0, 0xf0, 0x3, 0xc0, 0x1e, 0x0, 0x70,
    0x3, 0xc0, 0x5e, 0x3, 0x70, 0xf, 0xc0, 0x3f,
    0xff, 0xc0,

    /* U+005B "[" */
    0xff, 0x8e, 0x38, 0xe3, 0x8e, 0x38, 0xe3, 0x8e,
    0x38, 0xe3, 0x8e, 0x38, 0xe3, 0x8e, 0x38, 0xe3,
    0x8e, 0x38, 0xfc,

    /* U+005C "\\" */
    0xc0, 0x10, 0x6, 0x1, 0x80, 0x20, 0xc, 0x3,
    0x0, 0xc0, 0x18, 0x6, 0x1, 0x80, 0x30, 0xc,
    0x3, 0x0, 0x40, 0x18, 0x6, 0x1, 0x80, 0x30,
    0xc, 0x3, 0x0, 0x60, 0x18, 0x6, 0x0, 0x80,

    /* U+005D "]" */
    0xfc, 0x71, 0xc7, 0x1c, 0x71, 0xc7, 0x1c, 0x71,
    0xc7, 0x1c, 0x71, 0xc7, 0x1c, 0x71, 0xc7, 0x1c,
    0x71, 0xc7, 0xfc,

    /* U+005E "^" */
    0x4, 0x1, 0xc0, 0x6c, 0x8, 0x83, 0x18, 0x41,
    0x98, 0x16, 0x3,

    /* U+005F "_" */
    0xff, 0xf8,

    /* U+0061 "a" */
    0x1f, 0x81, 0x8e, 0x1c, 0x39, 0xe1, 0xc6, 0xe,
    0x0, 0x70, 0x1f, 0x87, 0x1c, 0x70, 0xe7, 0x7,
    0x38, 0x39, 0xc1, 0xcf, 0x1e, 0x1f, 0x3c,

    /* U+0062 "b" */
    0xc, 0x1, 0xf8, 0x0, 0xf0, 0x1, 0xe0, 0x3,
    0xc0, 0x7, 0x80, 0xf, 0x0, 0x1e, 0xf8, 0x3e,
    0x78, 0x78, 0x78, 0xf0, 0x71, 0xe0, 0xf3, 0xc1,
    0xe7, 0x83, 0xcf, 0x7, 0x9e, 0xf, 0x3c, 0x1e,
    0x78, 0x38, 0xf0, 0xf1, 0xf3, 0xcf, 0xdf, 0x0,

    /* U+0063 "c" */
    0xf, 0xc0, 0xe3, 0xe, 0x1c, 0xf0, 0xff, 0x3,
    0x78, 0x3, 0xc0, 0x1e, 0x0, 0xf0, 0x7, 0x80,
    0x1e, 0x0, 0xf0, 0x13, 0xe3, 0x7, 0xe0,

    /* U+0064 "d" */
    0x0, 0x18, 0x3, 0xf0, 0x1, 0xe0, 0x3, 0xc0,
    0x7, 0x80, 0xf, 0x0, 0x1e, 0xf, 0xbc, 0x3c,
    0xf8, 0xf0, 0xf1, 0xc1, 0xe7, 0x83, 0xcf, 0x7,
    0x9e, 0xf, 0x3c, 0x1e, 0x78, 0x3c, 0xf0, 0x78,
    0xe0, 0xf1, 0xe1, 0xe1, 0xe7, 0xc1, 0xf7, 0xe0,

    /* U+0065 "e" */
    0xf, 0x83, 0x8e, 0x78, 0x67, 0x7, 0xf0, 0x7f,
    0x7, 0xff, 0xff, 0x0, 0xf0, 0xf, 0x0, 0x78,
    0x7, 0x81, 0x3c, 0x20, 0xfc,

    /* U+0066 "f" */
    0x3, 0xe0, 0xee, 0x1c, 0x61, 0xc0, 0x1c, 0x3,
    0xc0, 0x3c, 0xf, 0xf8, 0x3c, 0x3, 0xc0, 0x3c,
    0x3, 0xc0, 0x3c, 0x3, 0xc0, 0x3c, 0x3, 0xc0,
    0x3c, 0x3, 0xc0, 0x3c, 0x3, 0xc0, 0xff, 0x0,

    /* U+0067 "g" */
    0xf, 0x8c, 0xe7, 0xf3, 0xe, 0x1c, 0x38, 0x70,
    0xe1, 0xc3, 0x87, 0xe, 0xc, 0x30, 0x39, 0xc0,
    0x7c, 0x2, 0x0, 0x18, 0x0, 0x7f, 0xf1, 0xff,
    0xe1, 0xff, 0xd8, 0xf, 0xc0, 0x1f, 0x0, 0x7c,
    0x1, 0x98, 0x1c, 0x1f, 0xc0,

    /* U+0068 "h" */
    0xc, 0x0, 0xfc, 0x0, 0x3c, 0x0, 0x3c, 0x0,
    0x3c, 0x0, 0x3c, 0x0, 0x3c, 0x0, 0x3c, 0xf0,
    0x3d, 0xf8, 0x3e, 0x7c, 0x3c, 0x3c, 0x3c, 0x3c,
    0x3c, 0x3c, 0x3c, 0x3c, 0x3c, 0x3c, 0x3c, 0x3c,
    0x3c, 0x3c, 0x3c, 0x3c, 0x3c, 0x3c, 0x3c, 0x3c,
    0xfe, 0x7f,

    /* U+0069 "i" */
    0x18, 0x78, 0xf0, 0xc0, 0x0, 0x0, 0xe, 0xfc,
    0x78, 0xf1, 0xe3, 0xc7, 0x8f, 0x1e, 0x3c, 0x78,
    0xf1, 0xe7, 0xe0,

    /* U+006A "j" */
    0x3, 0x3, 0xc1, 0xe0, 0x60, 0x0, 0x0, 0x0,
    0x3, 0x1f, 0x83, 0xc1, 0xe0, 0xf0, 0x78, 0x3c,
    0x1e, 0xf, 0x7, 0x83, 0xc1, 0xe0, 0xf0, 0x78,
    0x3c, 0x1e, 0xf, 0x7, 0x33, 0xbd, 0x8f, 0x80,

    /* U+006B "k" */
    0x3c, 0x1, 0xf8, 0x0, 0xf0, 0x1, 0xe0, 0x3,
    0xc0, 0x7, 0x80, 0xf, 0x0, 0x1e, 0x7e, 0x3c,
    0x30, 0x78, 0xc0, 0xf1, 0x1, 0xe4, 0x3, 0xdc,
    0x7, 0xf8, 0xf, 0x78, 0x1e, 0x70, 0x3c, 0xf0,
    0x78, 0xe0, 0xf1, 0xe1, 0xe1, 0xcf, 0xe3, 0xe0,

    /* U+006C "l" */
    0xc, 0xfc, 0x3c, 0x3c, 0x3c, 0x3c, 0x3c, 0x3c,
    0x3c, 0x3c, 0x3c, 0x3c, 0x3c, 0x3c, 0x3c, 0x3c,
    0x3c, 0x3c, 0x3c, 0x3c, 0xff,

    /* U+006D "m" */
    0xc, 0xf0, 0xf0, 0x7d, 0xf9, 0xf8, 0xfe, 0x7e,
    0x7c, 0x3c, 0x3c, 0x3c, 0x3c, 0x3c, 0x3c, 0x3c,
    0x3c, 0x3c, 0x3c, 0x3c, 0x3c, 0x3c, 0x3c, 0x3c,
    0x3c, 0x3c, 0x3c, 0x3c, 0x3c, 0x3c, 0x3c, 0x3c,
    0x3c, 0x3c, 0x3c, 0x3c, 0x3c, 0x3c, 0x3c, 0xfe,
    0x7e, 0x7f,

    /* U+006E "n" */
    0xc, 0xf0, 0x7d, 0xf8, 0xfe, 0x3c, 0x3c, 0x3c,
    0x3c, 0x3c, 0x3c, 0x3c, 0x3c, 0x3c, 0x3c, 0x3c,
    0x3c, 0x3c, 0x3c, 0x3c, 0x3c, 0x3c, 0x3c, 0x3c,
    0x3c, 0x3c, 0xfe, 0x7f,

    /* U+006F "o" */
    0xf, 0xc0, 0xf3, 0xc7, 0x87, 0x9c, 0xe, 0xf0,
    0x3f, 0xc0, 0xff, 0x3, 0xfc, 0xf, 0xf0, 0x3f,
    0xc0, 0xf7, 0x3, 0x9e, 0x1e, 0x3c, 0xf0, 0x3f,
    0x0,

    /* U+0070 "p" */
    0x0, 0x0, 0x7b, 0xe3, 0xf8, 0xe1, 0xe1, 0xe3,
    0xc1, 0xc7, 0x83, 0xcf, 0x7, 0x9e, 0xf, 0x3c,
    0x1e, 0x78, 0x3c, 0xf0, 0x79, 0xe0, 0xe3, 0xc3,
    0xc7, 0xcf, 0xf, 0x7c, 0x1e, 0x0, 0x3c, 0x0,
    0x78, 0x0, 0xf0, 0x1, 0xe0, 0x3, 0xc0, 0x1f,
    0xe0, 0x0,

    /* U+0071 "q" */
    0x1f, 0x18, 0x79, 0xf1, 0xe1, 0xe3, 0x83, 0xcf,
    0x7, 0x9e, 0xf, 0x3c, 0x1e, 0x78, 0x3c, 0xf0,
    0x79, 0xe0, 0xf1, 0xc1, 0xe3, 0xc3, 0xc3, 0xcf,
    0x83, 0xef, 0x0, 0x1e, 0x0, 0x3c, 0x0, 0x78,
    0x0, 0xf0, 0x1, 0xe0, 0x3, 0xc0, 0x1f, 0xe0,

    /* U+0072 "r" */
    0x1c, 0xef, 0xde, 0x3e, 0x63, 0xe0, 0x3c, 0x3,
    0xc0, 0x3c, 0x3, 0xc0, 0x3c, 0x3, 0xc0, 0x3c,
    0x3, 0xc0, 0x3c, 0xf, 0xf0,

    /* U+0073 "s" */
    0x3f, 0x1c, 0x6e, 0x1b, 0x82, 0xf0, 0x3f, 0x7,
    0xf0, 0xfe, 0x7, 0xc0, 0xfc, 0x1f, 0x7, 0xc3,
    0x8f, 0x80,

    /* U+0074 "t" */
    0x1c, 0xe, 0x7, 0x3, 0x8f, 0xf9, 0xe0, 0xf0,
    0x78, 0x3c, 0x1e, 0xf, 0x7, 0x83, 0xc1, 0xe0,
    0xf0, 0x78, 0x3c, 0x8f, 0x80,

    /* U+0075 "u" */
    0xfc, 0x7c, 0x3c, 0x3c, 0x3c, 0x3c, 0x3c, 0x3c,
    0x3c, 0x3c, 0x3c, 0x3c, 0x3c, 0x3c, 0x3c, 0x3c,
    0x3c, 0x3c, 0x3c, 0x3c, 0x3c, 0x3c, 0x3e, 0x7c,
    0x1f, 0xbc, 0xf, 0x3f,

    /* U+0076 "v" */
    0xfe, 0x7c, 0xe0, 0x43, 0x81, 0xf, 0x4, 0x1c,
    0x20, 0x78, 0x81, 0xe2, 0x3, 0x90, 0xf, 0x40,
    0x1e, 0x0, 0x78, 0x1, 0xe0, 0x3, 0x0, 0xc,
    0x0,

    /* U+0077 "w" */
    0xfe, 0x7e, 0xfd, 0xe0, 0xe0, 0x43, 0x83, 0x82,
    0xe, 0xf, 0x8, 0x3c, 0x5c, 0x20, 0x71, 0x71,
    0x1, 0xc4, 0xe4, 0x3, 0xa3, 0x90, 0xe, 0x8e,
    0x80, 0x3a, 0x1e, 0x0, 0x70, 0x78, 0x1, 0xc1,
    0xe0, 0x7, 0x3, 0x0, 0x8, 0xc, 0x0,

    /* U+0078 "x" */
    0xfe, 0x7c, 0x78, 0x20, 0x78, 0xc0, 0xf1, 0x0,
    0xf4, 0x0, 0xf8, 0x1, 0xe0, 0x1, 0xe0, 0x5,
    0xc0, 0xb, 0xc0, 0x23, 0xc0, 0x87, 0x83, 0x7,
    0x9f, 0x3f, 0xc0,

    /* U+0079 "y" */
    0xfe, 0x7e, 0x70, 0x10, 0xf0, 0x61, 0xe0, 0x81,
    0xc1, 0x3, 0xc4, 0x3, 0x88, 0x7, 0x10, 0xf,
    0x40, 0xe, 0x80, 0x1d, 0x0, 0x1c, 0x0, 0x38,
    0x0, 0x70, 0x0, 0x40, 0x0, 0x80, 0x2, 0x0,
    0x4, 0x3, 0x90, 0x7, 0xe0, 0x7, 0x0, 0x0,

    /* U+007A "z" */
    0xff, 0xf8, 0x3f, 0x7, 0x41, 0xc0, 0x78, 0xe,
    0x3, 0x80, 0xf0, 0x1c, 0x7, 0x84, 0xe0, 0xb8,
    0x3f, 0x7, 0xff, 0xc0,

    /* U+007B "{" */
    0xf, 0x1c, 0x38, 0x38, 0x38, 0x38, 0x38, 0x18,
    0x18, 0x18, 0x18, 0x30, 0xc0, 0x30, 0x18, 0x18,
    0x18, 0x18, 0x38, 0x38, 0x38, 0x38, 0x38, 0x1c,
    0xf,

    /* U+007C "|" */
    0xff, 0xff, 0xff, 0xff, 0xff, 0xff, 0xff, 0xc0,

    /* U+007D "}" */
    0xf8, 0x1c, 0xe, 0xe, 0xe, 0xe, 0x1c, 0x1c,
    0x18, 0x18, 0x18, 0xc, 0x3, 0xe, 0x18, 0x18,
    0x18, 0x1c, 0x1c, 0xe, 0xe, 0xe, 0xe, 0x1c,
    0xf8,

    /* U+007E "~" */
    0x78, 0x1c, 0x41, 0x82, 0x38, 0x1e,

    /* U+00B0 "°" */
    0x38, 0x8a, 0xc, 0x18, 0x28, 0x8e, 0x0,

    /* U+00B7 "·" */
    0x6f, 0xf6,

    /* U+2026 "…" */
    0xe0, 0xe0, 0xfc, 0x1c, 0x1f, 0x83, 0x83, 0x80,

    /* U+4E00 "一" */
    0x0, 0x0, 0x10, 0x0, 0x0, 0x30, 0x0, 0x0,
    0xf7, 0xff, 0xff, 0xf0,

    /* U+4E0A "上" */
    0x0, 0x70, 0x0, 0x0, 0xe0, 0x0, 0x1, 0xc0,
    0x0, 0x3, 0x80, 0x0, 0x7, 0x0, 0x0, 0xe,
    0x0, 0x0, 0x1c, 0x0, 0x0, 0x38, 0x30, 0x0,
    0x70, 0xf0, 0x0, 0xff, 0xf0, 0x1, 0xc0, 0x0,
    0x3, 0x80, 0x0, 0x7, 0x0, 0x0, 0xe, 0x0,
    0x0, 0x1c, 0x0, 0x0, 0x38, 0x0, 0x0, 0x70,
    0x0, 0x0, 0xe0, 0x0, 0x1, 0xc0, 0x0, 0x3,
    0x80, 0xc0, 0x7, 0x3, 0xdf, 0xff, 0xff, 0xc0,

    /* U+4E0B "下" */
    0x0, 0x0, 0xc, 0x0, 0x0, 0xf, 0x3f, 0xff,
    0xff, 0xc0, 0x7, 0x0, 0x0, 0x3, 0x80, 0x0,
    0x1, 0xc0, 0x0, 0x0, 0xe0, 0x0, 0x0, 0x70,
    0x0, 0x0, 0x3f, 0x80, 0x0, 0x1c, 0xf0, 0x0,
    0xe, 0x3c, 0x0, 0x7, 0xf, 0x0, 0x3, 0x83,
    0xc0, 0x1, 0xc0, 0xe0, 0x0, 0xe0, 0x70, 0x0,
    0x70, 0x0, 0x0, 0x38, 0x0, 0x0, 0x1c, 0x0,
    0x0, 0xe, 0x0, 0x0, 0x7, 0x0, 0x0, 0x3,
    0x80, 0x0, 0x1, 0xc0, 0x0, 0x0, 0xe0, 0x0,

    /* U+4E1D "丝" */
    0x4, 0x0, 0x0, 0xe, 0x3, 0xc0, 0x3e, 0x7,
    0x80, 0x70, 0xe, 0x0, 0xe0, 0x38, 0x3, 0x9c,
    0x62, 0xe, 0x3d, 0x8e, 0x18, 0xf6, 0x1e, 0x61,
    0xc8, 0x78, 0xff, 0x3f, 0xe1, 0xcc, 0x3b, 0x82,
    0x38, 0x4e, 0x0, 0xc0, 0x18, 0x3, 0x0, 0x60,
    0x4, 0x1, 0x80, 0x10, 0xc, 0x0, 0x7f, 0xdf,
    0xfc, 0xf8, 0x1e, 0x1, 0x80, 0x20, 0x0, 0x0,
    0x0, 0xc0, 0x0, 0x3, 0xdf, 0xff, 0xff, 0xc0,

    /* U+4E3B "主" */
    0x0, 0xe0, 0x0, 0x0, 0xf0, 0x0, 0x0, 0xf0,
    0x0, 0x0, 0xe0, 0x0, 0x1, 0x83, 0x0, 0x0,
    0x7, 0xf, 0xff, 0xff, 0x0, 0x1c, 0x0, 0x0,
    0x38, 0x0, 0x0, 0x70, 0x0, 0x0, 0xe0, 0x0,
    0x1, 0xc1, 0x0, 0x3, 0x87, 0x3, 0xff, 0xff,
    0x0, 0xe, 0x0, 0x0, 0x1c, 0x0, 0x0, 0x38,
    0x0, 0x0, 0x70, 0x0, 0x0, 0xe0, 0x0, 0x1,
    0xc0, 0xc0, 0x3, 0x81, 0xdf, 0xff, 0xff, 0xc0,

    /* U+4E8B "事" */
    0x0, 0x3c, 0x0, 0x0, 0x38, 0x8, 0x0, 0x38,
    0x1c, 0xff, 0xff, 0xfe, 0x0, 0x38, 0x0, 0x18,
    0x38, 0x60, 0x1f, 0xff, 0xf8, 0x1c, 0x38, 0x70,
    0x1c, 0x38, 0x70, 0x1f, 0xff, 0xf0, 0x1c, 0x38,
    0x60, 0x0, 0x38, 0x60, 0x1f, 0xff, 0xf0, 0x0,
    0x38, 0x74, 0x0, 0x38, 0x7e, 0xff, 0xff, 0xff,
    0x0, 0x38, 0x70, 0x0, 0x38, 0x70, 0x3f, 0xff,
    0xf0, 0x0, 0x38, 0x70, 0x0, 0x38, 0x0, 0x1,
    0xf8, 0x0, 0x0, 0xf8, 0x0, 0x0, 0x70, 0x0,

    /* U+4ED6 "他" */
    0x0, 0x0, 0x0, 0x7, 0x83, 0x80, 0xf, 0x3,
    0x80, 0xf, 0x7b, 0x80, 0xe, 0x73, 0x80, 0x1e,
    0x73, 0x8c, 0x1c, 0x73, 0xbe, 0x1c, 0x73, 0xdc,
    0x3c, 0x7f, 0x9c, 0x3c, 0x73, 0x9c, 0x3d, 0xf3,
    0x9c, 0x7c, 0x73, 0x9c, 0x5c, 0x73, 0x9c, 0x9c,
    0x73, 0x9c, 0x1c, 0x73, 0xfc, 0x1c, 0x73, 0xb8,
    0x1c, 0x73, 0xb0, 0x1c, 0x73, 0x84, 0x1c, 0x72,
    0x4, 0x1c, 0x70, 0x4, 0x1c, 0x7f, 0xff, 0x1c,
    0x7f, 0xff, 0x1c, 0x3f, 0xfe, 0x18, 0x0, 0x0,

    /* U+4EF6 "件" */
    0xe, 0x3, 0xc0, 0xf, 0x63, 0x80, 0xe, 0x7b,
    0x80, 0xe, 0x73, 0x80, 0x1c, 0x73, 0x88, 0x1c,
    0x63, 0x9c, 0x1c, 0xff, 0xfe, 0x3e, 0xe3, 0x80,
    0x3c, 0xc3, 0x80, 0x7c, 0x83, 0x80, 0x7d, 0x3,
    0x80, 0xdd, 0x3, 0x84, 0x9c, 0x3, 0x8e, 0x1d,
    0xff, 0xff, 0x1c, 0x3, 0x80, 0x1c, 0x3, 0x80,
    0x1c, 0x3, 0x80, 0x1c, 0x3, 0x80, 0x1c, 0x3,
    0x80, 0x1c, 0x3, 0x80, 0x1c, 0x3, 0x80, 0x1c,
    0x3, 0x80, 0x1c, 0x3, 0x80,

    /* U+4F4D "位" */
    0x6, 0xc, 0x0, 0x7, 0x8e, 0x0, 0xf, 0x7,
    0x0, 0xe, 0x7, 0x0, 0xe, 0x7, 0x8, 0x1c,
    0x0, 0x1c, 0x1d, 0xff, 0xfe, 0x3c, 0x0, 0x0,
    0x3c, 0x40, 0x70, 0x3c, 0x60, 0x78, 0x7c, 0x20,
    0x70, 0x5c, 0x30, 0x70, 0x9c, 0x30, 0x70, 0x1c,
    0x38, 0x60, 0x1c, 0x38, 0x60, 0x1c, 0x38, 0xc0,
    0x1c, 0x3c, 0xc0, 0x1c, 0x18, 0x80, 0x1c, 0x18,
    0x80, 0x1c, 0x19, 0xc, 0x1c, 0x1, 0x1e, 0x1d,
    0xff, 0xff, 0x1c, 0x0, 0x0,

    /* U+4F5C "作" */
    0x3, 0x8e, 0x0, 0x3, 0xcf, 0x0, 0x7, 0x8e,
    0x0, 0x7, 0x1e, 0x4, 0x7, 0x1c, 0xe, 0xe,
    0x1f, 0xff, 0xe, 0x3b, 0x80, 0x1f, 0x33, 0x80,
    0x1e, 0x63, 0x88, 0x3e, 0x63, 0x9c, 0x2e, 0x83,
    0xfe, 0x6e, 0x3, 0x80, 0x8e, 0x3, 0x80, 0xe,
    0x3, 0x80, 0xe, 0x3, 0x8c, 0xe, 0x3, 0x8e,
    0xe, 0x3, 0xff, 0xe, 0x3, 0x80, 0xe, 0x3,
    0x80, 0xe, 0x3, 0x80, 0xe, 0x3, 0x80, 0xe,
    0x3, 0x80, 0xe, 0x3, 0x80,

    /* U+4FDD "保" */
    0x4, 0x0, 0x0, 0x3, 0xf0, 0xc, 0x3, 0xdf,
    0xff, 0x81, 0xce, 0x3, 0x80, 0xe7, 0x1, 0xc0,
    0xf3, 0x80, 0xe0, 0x71, 0xc0, 0x70, 0x38, 0xe0,
    0x38, 0x3c, 0x70, 0x1c, 0x1e, 0x3f, 0xfe, 0x1f,
    0x1c, 0xe6, 0xf, 0x88, 0x70, 0x8d, 0xc0, 0x38,
    0xe4, 0xef, 0xff, 0xf8, 0x70, 0x3f, 0x0, 0x38,
    0x1f, 0x80, 0x1c, 0x1f, 0xa0, 0xe, 0xf, 0xdc,
    0x7, 0xe, 0xe7, 0x3, 0x8e, 0x73, 0xe1, 0xce,
    0x38, 0xe0, 0xec, 0x1c, 0x30, 0x70, 0xe, 0x0,
    0x38, 0x7, 0x0,

    /* U+4FEE "修" */
    0xe, 0x7, 0x0, 0x7, 0x83, 0xc0, 0x3, 0x81,
    0xc3, 0x1, 0x81, 0xff, 0xc1, 0xde, 0xe1, 0xe0,
    0xee, 0x70, 0xe0, 0x67, 0x6c, 0xe0, 0x3b, 0xa3,
    0xf0, 0x3d, 0xe0, 0xf0, 0x1e, 0xe0, 0xff, 0x9f,
    0x70, 0xcf, 0xcb, 0xb9, 0x99, 0xc1, 0xdf, 0x1f,
    0x0, 0xee, 0x1c, 0x80, 0x77, 0x38, 0xf0, 0x3b,
    0xa0, 0xe0, 0x1d, 0xc1, 0xee, 0xe, 0xe1, 0xcf,
    0x87, 0x73, 0xf, 0x3, 0xb2, 0xf, 0x1, 0xc0,
    0x1e, 0x0, 0xe0, 0x3c, 0x0, 0x71, 0xe0, 0x0,

    /* U+507F "偿" */
    0xe, 0x3, 0xc0, 0x3, 0xd0, 0xe6, 0x0, 0xe7,
    0x39, 0xe0, 0x38, 0xce, 0x60, 0x1e, 0x3b, 0xb0,
    0x7, 0x14, 0xe9, 0x81, 0xc7, 0xff, 0xf0, 0xfb,
    0x0, 0x1c, 0x3d, 0xc0, 0x14, 0xf, 0x70, 0xe,
    0x7, 0xc3, 0xff, 0xc1, 0x70, 0x0, 0x0, 0x9c,
    0x0, 0x4, 0x7, 0x0, 0x3, 0x81, 0xdf, 0xff,
    0xf0, 0x70, 0x1c, 0x0, 0x1c, 0xf, 0x80, 0x7,
    0x7, 0x8c, 0x1, 0xc3, 0x81, 0x80, 0x71, 0x80,
    0x78, 0x1c, 0xff, 0xee, 0x7, 0x1f, 0x83, 0x81,
    0xc4, 0x0, 0x60, 0x0, 0x0, 0x0, 0x0, 0x0,
    0x0, 0x0,

    /* U+5176 "其" */
    0x3, 0xc1, 0xe0, 0x0, 0x38, 0x1c, 0x0, 0x3,
    0x81, 0xc8, 0x0, 0x38, 0x1d, 0xc0, 0x7f, 0xff,
    0xfe, 0x0, 0x38, 0x1c, 0x0, 0x3, 0x81, 0xc0,
    0x0, 0x38, 0x1c, 0x0, 0x3, 0xff, 0xc0, 0x0,
    0x38, 0x1c, 0x0, 0x3, 0x81, 0xc0, 0x0, 0x38,
    0x1c, 0x0, 0x3, 0xff, 0xc0, 0x0, 0x38, 0x1c,
    0x0, 0x3, 0x81, 0xc8, 0x0, 0x38, 0x1d, 0xe0,
    0xff, 0xff, 0xff, 0x0, 0x0, 0x0, 0x0, 0x1,
    0xc1, 0xe0, 0x0, 0x3e, 0x7, 0xc0, 0x7, 0x80,
    0x3e, 0x1, 0xe0, 0x0, 0xe0, 0x30, 0x0, 0xe,
    0x4, 0x0, 0x0, 0x0, 0x0, 0x0, 0x0, 0x0,

    /* U+5185 "内" */
    0x0, 0xf0, 0x0, 0x7, 0x0, 0x0, 0x38, 0x0,
    0x1, 0xc0, 0xc, 0xe, 0x6, 0x7f, 0xff, 0xfb,
    0x83, 0x81, 0xfc, 0x1c, 0xe, 0xe0, 0xc0, 0x77,
    0xf, 0x3, 0xb8, 0x7e, 0x1d, 0xc3, 0x38, 0xee,
    0x38, 0xe7, 0x71, 0x87, 0xbb, 0x98, 0x1d, 0xdd,
    0x80, 0xee, 0xf8, 0x0, 0x77, 0x0, 0x3, 0xb8,
    0x0, 0x1d, 0xc0, 0x0, 0xee, 0x0, 0x7, 0x70,
    0x3, 0xfb, 0x80, 0x7, 0xd8, 0x0, 0x18,

    /* U+51B2 "冲" */
    0x0, 0x3, 0xc0, 0xc0, 0x7, 0x0, 0xe0, 0xe,
    0x1, 0xc0, 0x1c, 0x1, 0xcc, 0x39, 0xc3, 0x5f,
    0xff, 0xc0, 0xb8, 0xe7, 0x1, 0x71, 0xce, 0x4,
    0xe3, 0x9c, 0x9, 0xc7, 0x38, 0x23, 0x8e, 0x70,
    0x47, 0x1c, 0xe1, 0x8e, 0x39, 0xc2, 0x1f, 0xff,
    0x8c, 0x38, 0xe7, 0x38, 0x71, 0xce, 0x30, 0x3,
    0x80, 0x60, 0x7, 0x0, 0xe0, 0xe, 0x1, 0xc0,
    0x1c, 0x3, 0x80, 0x38, 0x6, 0x0, 0x70, 0x0,
    0x0, 0xe0, 0x0,

    /* U+51C6 "准" */
    0x0, 0x73, 0x0, 0xc0, 0xf7, 0x1, 0xc1, 0xce,
    0x1, 0xd3, 0x8c, 0x43, 0xa6, 0x19, 0xc3, 0x5f,
    0xff, 0xc1, 0x38, 0xe0, 0x2, 0x71, 0xc0, 0x5,
    0xe3, 0x90, 0x1b, 0xc7, 0x30, 0x2f, 0xff, 0xf0,
    0xd7, 0x1c, 0x1, 0xce, 0x38, 0x2, 0x1c, 0x72,
    0xc, 0x38, 0xe6, 0x18, 0x7f, 0xfe, 0x70, 0xe3,
    0x80, 0x61, 0xc7, 0x0, 0xe3, 0x8e, 0x21, 0xc7,
    0x1c, 0xe3, 0x8f, 0xff, 0xe7, 0x1c, 0x0, 0xc,
    0x38, 0x0, 0x0,

    /* U+524D "前" */
    0x6, 0x1, 0x80, 0x3, 0x81, 0xe0, 0x3, 0xc3,
    0xc0, 0x1, 0xc3, 0xc, 0x1, 0x86, 0xe, 0xff,
    0xff, 0xff, 0x0, 0x0, 0x0, 0x20, 0xc0, 0x1c,
    0x3f, 0xe7, 0x1c, 0x38, 0xe7, 0x1c, 0x38, 0xe7,
    0x1c, 0x38, 0xe7, 0x1c, 0x3f, 0xe7, 0x1c, 0x38,
    0xe7, 0x1c, 0x38, 0xe7, 0x1c, 0x38, 0xe7, 0x1c,
    0x3f, 0xe7, 0x1c, 0x38, 0xe7, 0x1c, 0x38, 0xe7,
    0x1c, 0x38, 0xe0, 0x1c, 0x38, 0xe1, 0xfc, 0x39,
    0xe0, 0x7c, 0x39, 0xc0, 0x38,

    /* U+529B "力" */
    0x0, 0x70, 0x0, 0x1, 0xc0, 0x0, 0x7, 0x0,
    0x0, 0x1c, 0x0, 0x0, 0x70, 0x10, 0x1, 0xc0,
    0xe7, 0xff, 0xff, 0xc0, 0x1c, 0xe, 0x0, 0x70,
    0x38, 0x1, 0xc0, 0xe0, 0xe, 0x3, 0x80, 0x38,
    0xe, 0x0, 0xe0, 0x38, 0x3, 0x80, 0xe0, 0x1c,
    0x3, 0x80, 0x70, 0xe, 0x1, 0x80, 0x38, 0xc,
    0x1, 0xc0, 0x70, 0x7, 0x3, 0x80, 0x1c, 0x18,
    0xf, 0xf0, 0xc0, 0xf, 0x84, 0x0, 0x1c, 0x0,

    /* U+52A8 "动" */
    0x0, 0x3, 0xc0, 0x0, 0x83, 0x80, 0x1, 0xc3,
    0x80, 0x7f, 0xe3, 0x80, 0x0, 0x3, 0x84, 0x0,
    0x3, 0x8e, 0x0, 0x5f, 0xff, 0x0, 0x73, 0x8e,
    0xff, 0xfb, 0x8e, 0xc, 0x3, 0x8e, 0xe, 0x3,
    0x8e, 0x1e, 0x3, 0x8e, 0x1d, 0x3, 0x8e, 0x18,
    0x87, 0xe, 0x30, 0xc7, 0xe, 0x30, 0xe7, 0xe,
    0x61, 0xe6, 0xe, 0xff, 0xee, 0xe, 0x7c, 0xec,
    0x1c, 0x70, 0x18, 0x1c, 0x0, 0x30, 0xfc, 0x0,
    0x60, 0x78, 0x0, 0xc0, 0x30,

    /* U+5347 "升" */
    0x0, 0x20, 0x0, 0x0, 0xe7, 0x0, 0x7, 0xee,
    0x0, 0x7e, 0x1c, 0x3, 0xf8, 0x38, 0x8, 0x70,
    0x70, 0x0, 0xe0, 0xe0, 0x1, 0xc1, 0xc0, 0x3,
    0x83, 0x80, 0x7, 0x7, 0x30, 0xe, 0xe, 0x77,
    0xff, 0xff, 0xf0, 0x38, 0x38, 0x0, 0x70, 0x70,
    0x0, 0xe0, 0xe0, 0x1, 0xc1, 0xc0, 0x7, 0x3,
    0x80, 0xe, 0x7, 0x0, 0x18, 0xe, 0x0, 0x70,
    0x1c, 0x0, 0xc0, 0x38, 0x3, 0x0, 0x70, 0xc,
    0x0, 0xe0, 0x20, 0x1, 0x80,

    /* U+5355 "单" */
    0x0, 0x1, 0x0, 0x8, 0x3, 0x80, 0xc, 0xf,
    0x80, 0x1c, 0x1c, 0x0, 0x1c, 0x60, 0x3, 0x38,
    0x8c, 0x7, 0xff, 0xfc, 0xe, 0x1c, 0x38, 0x1c,
    0x38, 0x70, 0x38, 0x70, 0xe0, 0x7f, 0xff, 0xc0,
    0xe1, 0xc3, 0x81, 0xc3, 0x87, 0x3, 0x87, 0xe,
    0x7, 0xe, 0x1c, 0xf, 0xff, 0xf8, 0x1c, 0x38,
    0x78, 0x0, 0x70, 0x3b, 0xff, 0xff, 0xf8, 0x1,
    0xc0, 0x0, 0x3, 0x80, 0x0, 0x7, 0x0, 0x0,
    0xe, 0x0, 0x0, 0x1c, 0x0,

    /* U+538B "压" */
    0x0, 0x0, 0x8, 0x18, 0x0, 0x1e, 0x1f, 0xff,
    0xfe, 0x1c, 0x0, 0x0, 0x1c, 0xc, 0x0, 0x1c,
    0xe, 0x0, 0x1c, 0xe, 0x0, 0x1c, 0xe, 0x0,
    0x1c, 0xe, 0x0, 0x1c, 0xe, 0x10, 0x1c, 0xe,
    0x38, 0x1d, 0xff, 0xfc, 0x1c, 0xe, 0x0, 0x1c,
    0xe, 0x40, 0x1c, 0xe, 0x38, 0x1c, 0xe, 0x3c,
    0x18, 0xe, 0x1c, 0x38, 0xe, 0x1c, 0x38, 0xe,
    0x0, 0x30, 0xe, 0xc, 0x30, 0xe, 0xe, 0x6f,
    0xff, 0xff, 0x40, 0x0, 0x0, 0x0, 0x0, 0x0,

    /* U+539A "厚" */
    0x0, 0x0, 0x18, 0x60, 0x0, 0x38, 0xff, 0xff,
    0xf9, 0xc0, 0x1, 0x3, 0x9f, 0xff, 0x7, 0x38,
    0xf, 0xe, 0x70, 0x1c, 0x1c, 0xff, 0xf8, 0x39,
    0xc0, 0x70, 0x73, 0x80, 0xe0, 0xe7, 0xff, 0xc1,
    0xce, 0x3, 0x83, 0x98, 0x2, 0x7, 0x7f, 0xfe,
    0xe, 0x0, 0x38, 0x18, 0x7, 0x84, 0x30, 0xe,
    0x1c, 0xff, 0xff, 0xfd, 0xc0, 0x38, 0x3, 0x0,
    0x70, 0x6, 0x0, 0xe0, 0x18, 0xf, 0xc0, 0x20,
    0x7, 0x0, 0x0, 0x8, 0x0,

    /* U+539F "原" */
    0x0, 0x0, 0x8, 0x18, 0x0, 0xe, 0xf, 0xff,
    0xff, 0x87, 0x1, 0x80, 0x3, 0x81, 0xe0, 0x1,
    0xcc, 0xc3, 0x0, 0xe7, 0xff, 0xc0, 0x73, 0x80,
    0xf0, 0x39, 0xc0, 0x70, 0x1c, 0xff, 0xf8, 0xe,
    0x70, 0x1c, 0x7, 0x38, 0xe, 0x3, 0x9c, 0x7,
    0x1, 0xcf, 0xff, 0x80, 0xe7, 0x39, 0xc0, 0x73,
    0x1c, 0x0, 0x30, 0xce, 0x60, 0x18, 0xf7, 0x3c,
    0x1c, 0x73, 0x8f, 0xc, 0x71, 0xc3, 0x86, 0x70,
    0xe1, 0xc2, 0x61, 0xf0, 0x62, 0x40, 0x70, 0x0,
    0x0, 0x30, 0x0,

    /* U+53C2 "参" */
    0x0, 0x40, 0x0, 0x1, 0xe0, 0x0, 0x7, 0x80,
    0x0, 0x1c, 0x1e, 0x0, 0x60, 0xe, 0x3, 0xff,
    0xfe, 0x7, 0xfe, 0x1c, 0x7, 0x7c, 0x4, 0x0,
    0xe0, 0x1d, 0xff, 0xff, 0xfc, 0xf, 0x4, 0x0,
    0x1c, 0xcc, 0x0, 0x73, 0xcf, 0x1, 0x8f, 0xf,
    0xce, 0x38, 0xcf, 0x31, 0xc3, 0xc4, 0x86, 0x1f,
    0x0, 0x30, 0xf8, 0xc0, 0x3, 0xc3, 0xc0, 0x3c,
    0x1f, 0x1, 0x80, 0xfc, 0x0, 0x7, 0xc0, 0x0,
    0x7c, 0x0, 0x1f, 0x80, 0x0,

    /* U+53CA "及" */
    0x0, 0x0, 0x80, 0x7f, 0xff, 0xc0, 0x3, 0x81,
    0xe0, 0x3, 0x81, 0xc0, 0x3, 0x81, 0xc0, 0x3,
    0x83, 0x80, 0x3, 0x83, 0x80, 0x3, 0xc3, 0x18,
    0x3, 0xc7, 0xfc, 0x3, 0x41, 0x3c, 0x7, 0x20,
    0x38, 0x7, 0x20, 0x78, 0x7, 0x30, 0x70, 0x7,
    0x10, 0xf0, 0x6, 0x18, 0xe0, 0xe, 0x1d, 0xc0,
    0xc, 0xf, 0xc0, 0xc, 0x7, 0x80, 0x18, 0xf,
    0xc0, 0x18, 0x1d, 0xf8, 0x30, 0x78, 0xff, 0x60,
    0xe0, 0x7e, 0x47, 0x0, 0x1c,

    /* U+53D6 "取" */
    0x0, 0x8, 0x0, 0x0, 0xe, 0x0, 0x1f, 0xff,
    0x80, 0x3, 0x8e, 0x0, 0x81, 0xc7, 0x0, 0xe0,
    0xe3, 0xff, 0xf8, 0x71, 0xc8, 0x38, 0x3f, 0xe4,
    0x1c, 0x1c, 0x72, 0x1e, 0xe, 0x39, 0xe, 0x7,
    0x1c, 0x47, 0x3, 0xfe, 0x23, 0x81, 0xc7, 0x1b,
    0x80, 0xe3, 0x85, 0xc0, 0x71, 0xcb, 0xc0, 0x38,
    0xf9, 0xe0, 0x1f, 0xf0, 0x70, 0x3f, 0xb8, 0x7c,
    0x1f, 0x1c, 0x7f, 0x4, 0xe, 0x33, 0xc0, 0x7,
    0x30, 0xf8, 0x3, 0xa0, 0x70, 0x1, 0xe0, 0x0,

    /* U+53D8 "变" */
    0x0, 0x38, 0x0, 0x0, 0x7, 0x2, 0x0, 0x0,
    0xc1, 0xc1, 0xff, 0xff, 0xf8, 0x0, 0xe7, 0x0,
    0x1, 0x39, 0xc0, 0x0, 0xee, 0x77, 0x0, 0x3f,
    0x9c, 0xf0, 0x1c, 0xe7, 0x1e, 0xe, 0x39, 0xc3,
    0x82, 0xe, 0x70, 0xe1, 0x3, 0x9c, 0x0, 0x0,
    0x0, 0xc0, 0x3, 0xff, 0xf8, 0x0, 0x10, 0x1e,
    0x0, 0x2, 0xf, 0x0, 0x0, 0xc7, 0x80, 0x0,
    0x1b, 0xc0, 0x0, 0x3, 0xe0, 0x0, 0x1, 0xfc,
    0x0, 0x0, 0xff, 0xfc, 0x1, 0xe0, 0xff, 0x81,
    0xc0, 0x7, 0xc3, 0x80, 0x0, 0x20,

    /* U+53E3 "口" */
    0x0, 0x0, 0x98, 0x0, 0x3b, 0xff, 0xff, 0xf0,
    0x0, 0xfe, 0x0, 0x1d, 0xc0, 0x3, 0xb8, 0x0,
    0x77, 0x0, 0xe, 0xe0, 0x1, 0xdc, 0x0, 0x3b,
    0x80, 0x7, 0x70, 0x0, 0xee, 0x0, 0x1d, 0xc0,
    0x3, 0xb8, 0x0, 0x77, 0x0, 0xe, 0xff, 0xff,
    0xdc, 0x0, 0x3b, 0x80, 0x7, 0x70, 0x0, 0xc0,

    /* U+53F3 "右" */
    0x0, 0x40, 0x0, 0x0, 0x78, 0x0, 0x0, 0xf0,
    0x0, 0x0, 0xf0, 0x0, 0x0, 0xe0, 0xc, 0x0,
    0xe0, 0x1e, 0xff, 0xff, 0xff, 0x1, 0xc0, 0x0,
    0x1, 0xc0, 0x0, 0x3, 0x80, 0x0, 0x3, 0x80,
    0x0, 0x7, 0x0, 0x10, 0x7, 0x0, 0x38, 0xf,
    0xff, 0xfc, 0x1f, 0x80, 0x38, 0x1b, 0x80, 0x38,
    0x23, 0x80, 0x38, 0x43, 0x80, 0x38, 0x3, 0x80,
    0x38, 0x3, 0x80, 0x38, 0x3, 0x80, 0x38, 0x3,
    0xff, 0xf8, 0x3, 0x80, 0x38, 0x3, 0x80, 0x38,

    /* U+53F7 "号" */
    0x0, 0x0, 0x0, 0x18, 0x1, 0x80, 0x3f, 0xff,
    0x80, 0x70, 0x7, 0x80, 0xe0, 0xe, 0x1, 0xc0,
    0x1c, 0x3, 0x80, 0x38, 0x7, 0x0, 0x70, 0xf,
    0xff, 0xe0, 0x1c, 0x1, 0x90, 0x0, 0x0, 0x77,
    0xff, 0xff, 0xf0, 0x38, 0x0, 0x0, 0xe0, 0x0,
    0x1, 0xc0, 0x0, 0x7, 0x80, 0x30, 0xf, 0xff,
    0xf0, 0xc, 0x0, 0xe0, 0x0, 0x3, 0xc0, 0x0,
    0x7, 0x0, 0x0, 0xe, 0x0, 0x3, 0xfc, 0x0,
    0x1, 0xf0, 0x0, 0x3, 0xc0,

    /* U+5408 "合" */
    0x0, 0x60, 0x0, 0x0, 0xf8, 0x0, 0x1, 0xe0,
    0x0, 0x7, 0x20, 0x0, 0x1e, 0x60, 0x0, 0x38,
    0x70, 0x0, 0xe0, 0x78, 0x3, 0x80, 0x7e, 0xc,
    0x2, 0x7e, 0x30, 0xe, 0x70, 0x8f, 0xfe, 0x26,
    0x0, 0x0, 0x0, 0x0, 0x0, 0x0, 0x0, 0x0,
    0x3, 0x0, 0x30, 0x7, 0xff, 0xf8, 0xe, 0x0,
    0xe0, 0x1c, 0x1, 0xc0, 0x38, 0x3, 0x80, 0x70,
    0x7, 0x0, 0xe0, 0xe, 0x1, 0xff, 0xfc, 0x3,
    0x80, 0x38, 0x6, 0x0, 0x70,

    /* U+540E "后" */
    0x0, 0x0, 0x60, 0x0, 0x3, 0xf0, 0x10, 0x1f,
    0xf8, 0x1f, 0xff, 0x0, 0x1c, 0x0, 0x0, 0x1c,
    0x0, 0x0, 0x1c, 0x0, 0x8, 0x1c, 0x0, 0x1e,
    0x1f, 0xff, 0xff, 0x1c, 0x0, 0x0, 0x1c, 0x0,
    0x0, 0x1c, 0x0, 0x0, 0x1d, 0x80, 0x38, 0x1d,
    0xff, 0xfc, 0x1d, 0xc0, 0x38, 0x19, 0xc0, 0x38,
    0x19, 0xc0, 0x38, 0x39, 0xc0, 0x38, 0x31, 0xc0,
    0x38, 0x31, 0xc0, 0x38, 0x61, 0xff, 0xf8, 0x41,
    0xc0, 0x38, 0x81, 0xc0, 0x38,

    /* U+5458 "员" */
    0x18, 0x0, 0xc0, 0x7, 0xff, 0xf8, 0x1, 0xc0,
    0xe, 0x0, 0x70, 0x3, 0x80, 0x1c, 0x0, 0xe0,
    0x7, 0xff, 0xf8, 0x1, 0xc0, 0xe, 0x0, 0x60,
    0x0, 0x0, 0x30, 0x0, 0x70, 0xf, 0xff, 0xfe,
    0x3, 0x80, 0x7, 0x0, 0xe1, 0xe1, 0xc0, 0x38,
    0x70, 0x70, 0xe, 0x1c, 0x1c, 0x3, 0x87, 0x7,
    0x0, 0xe1, 0xc1, 0xc0, 0x38, 0x70, 0x70, 0xe,
    0x38, 0x1c, 0x3, 0x8f, 0xf0, 0x0, 0x7, 0xf,
    0x80, 0x3, 0x81, 0xf0, 0x3, 0x80, 0x1e, 0x3,
    0x0, 0x3, 0x81, 0x0, 0x0, 0x0, 0x0, 0x0,
    0x0, 0x0,

    /* U+55B7 "喷" */
    0x0, 0x7, 0x0, 0x0, 0xe, 0x42, 0x30, 0x1d,
    0xc7, 0xf7, 0xff, 0xcc, 0xc0, 0x70, 0x19, 0x8e,
    0xfc, 0x33, 0x1d, 0xba, 0x66, 0x38, 0x7e, 0xcf,
    0xff, 0xff, 0x98, 0xe1, 0xc3, 0x32, 0x1, 0x86,
    0x67, 0xff, 0x8c, 0xce, 0x7, 0x19, 0x9c, 0xce,
    0x33, 0x39, 0xdc, 0x66, 0x73, 0xb8, 0xfc, 0xe7,
    0x71, 0x99, 0xce, 0xe3, 0x33, 0x99, 0xc6, 0x7,
    0x73, 0x0, 0x0, 0xde, 0x0, 0x7, 0x8f, 0x0,
    0x1c, 0xe, 0x1, 0xc0, 0xc, 0x0, 0x0, 0x0,

    /* U+5708 "圈" */
    0x0, 0x0, 0x3, 0x0, 0x0, 0xcf, 0xff, 0xff,
    0xf8, 0x18, 0xe, 0xe4, 0x76, 0x3b, 0x99, 0xdc,
    0xee, 0x36, 0x63, 0xb8, 0x9b, 0xce, 0xef, 0xff,
    0xbb, 0x83, 0x0, 0xee, 0xc, 0x1b, 0xbf, 0xff,
    0xfe, 0xe1, 0x8e, 0x3b, 0x8f, 0xfe, 0xee, 0x78,
    0xdf, 0xba, 0x63, 0x2e, 0xe1, 0xbc, 0x3b, 0x86,
    0x64, 0xee, 0x1f, 0xf3, 0xb8, 0x7f, 0xce, 0xe0,
    0x0, 0x3b, 0xff, 0xff, 0xee, 0x0, 0x3, 0xb0,
    0x0, 0xc,

    /* U+5728 "在" */
    0x0, 0x60, 0x0, 0x1, 0xe0, 0x0, 0x3, 0xc0,
    0x0, 0x7, 0x0, 0xc0, 0x1e, 0x1, 0xcf, 0xff,
    0xff, 0xc0, 0x70, 0x0, 0x1, 0xc3, 0xc0, 0x3,
    0x7, 0x0, 0xe, 0xe, 0x0, 0x3c, 0x1c, 0x40,
    0x70, 0x39, 0xc1, 0xef, 0xff, 0xc7, 0xc0, 0xe0,
    0x13, 0x81, 0xc0, 0x47, 0x3, 0x80, 0xe, 0x7,
    0x0, 0x1c, 0xe, 0x0, 0x38, 0x1c, 0x0, 0x70,
    0x38, 0x40, 0xe0, 0x71, 0xc1, 0xff, 0xff, 0xc3,
    0x80, 0x0, 0x0,

    /* U+5730 "地" */
    0x0, 0x3, 0x0, 0x1e, 0x3, 0xc0, 0x1c, 0x63,
    0x80, 0x1c, 0x73, 0x80, 0x1c, 0x73, 0x80, 0x1c,
    0x73, 0x8c, 0x1d, 0x73, 0xbe, 0x1f, 0x73, 0xce,
    0xff, 0xff, 0x8e, 0x1c, 0x73, 0x8e, 0x1d, 0xf3,
    0x8e, 0x1c, 0x73, 0x8e, 0x1c, 0x73, 0x8e, 0x1c,
    0x73, 0x8e, 0x1c, 0x73, 0xfe, 0x1d, 0x73, 0x9c,
    0x1e, 0x73, 0x98, 0x3c, 0x73, 0x82, 0xf8, 0x73,
    0x2, 0x70, 0x70, 0x2, 0x40, 0x7f, 0xff, 0x0,
    0x7f, 0xff, 0x0, 0x3f, 0xfc,

    /* U+5740 "址" */
    0x0, 0x1, 0xe0, 0x1c, 0x1, 0xc0, 0x1c, 0x1,
    0xc0, 0x1c, 0x1, 0xc0, 0x1c, 0x1, 0xc0, 0x1d,
    0x3d, 0xc0, 0x1d, 0xb9, 0xc0, 0xff, 0xf9, 0xcc,
    0x1c, 0x39, 0xce, 0x1c, 0x39, 0xff, 0x1c, 0x39,
    0xc0, 0x1c, 0x39, 0xc0, 0x1c, 0x39, 0xc0, 0x1c,
    0x39, 0xc0, 0x1c, 0xf9, 0xc0, 0x1f, 0x39, 0xc0,
    0x7e, 0x39, 0xc0, 0xf8, 0x39, 0xc0, 0x70, 0x39,
    0xc0, 0x40, 0x39, 0xc4, 0x0, 0x39, 0xcf, 0x3,
    0xff, 0xff,

    /* U+578B "型" */
    0x0, 0x10, 0x0, 0x0, 0x30, 0x39, 0xff, 0xfe,
    0x70, 0xe7, 0x1c, 0xe1, 0xce, 0x39, 0xc3, 0x9f,
    0x73, 0xbf, 0xff, 0xe7, 0xe, 0x71, 0xce, 0x1c,
    0xe3, 0x9c, 0x31, 0xc7, 0x38, 0xe3, 0x80, 0x71,
    0x87, 0x3, 0xe3, 0xe, 0x3, 0xcc, 0x1f, 0xc7,
    0xa0, 0x27, 0xc, 0x0, 0xe, 0x38, 0x3f, 0xff,
    0xf8, 0x0, 0x38, 0x0, 0x0, 0x70, 0x0, 0x0,
    0xe0, 0x0, 0x1, 0xc0, 0x80, 0x3, 0x83, 0xbf,
    0xff, 0xff, 0x80,

    /* U+5927 "大" */
    0x0, 0x38, 0x0, 0x0, 0x38, 0x0, 0x0, 0x38,
    0x0, 0x0, 0x38, 0x0, 0x0, 0x38, 0x0, 0x0,
    0x38, 0x8, 0x0, 0x38, 0x1c, 0x7f, 0xff, 0xff,
    0x0, 0x38, 0x0, 0x0, 0x38, 0x0, 0x0, 0x74,
    0x0, 0x0, 0x74, 0x0, 0x0, 0x76, 0x0, 0x0,
    0x62, 0x0, 0x0, 0xe3, 0x0, 0x0, 0xe3, 0x80,
    0x1, 0xc1, 0xc0, 0x3, 0x81, 0xe0, 0x3, 0x0,
    0xf8, 0x6, 0x0, 0x7c, 0xc, 0x0, 0x3e, 0x30,
    0x0, 0x1c, 0x40, 0x0, 0x8,

    /* U+5934 "头" */
    0x0, 0xe, 0x0, 0x0, 0x3, 0x80, 0x0, 0xf8,
    0xe0, 0x0, 0xf, 0x38, 0x0, 0x1, 0xee, 0x0,
    0x0, 0x3b, 0x80, 0x0, 0x0, 0xe0, 0x0, 0x78,
    0x38, 0x0, 0xf, 0xe, 0x0, 0x1, 0xe3, 0x80,
    0x0, 0x38, 0xe0, 0x0, 0x6, 0x70, 0x20, 0x0,
    0x1c, 0x1c, 0x1f, 0xff, 0xff, 0x80, 0x1, 0xc0,
    0x0, 0x0, 0xe0, 0x0, 0x0, 0x3f, 0x80, 0x0,
    0x1c, 0x78, 0x0, 0xe, 0xf, 0x80, 0x7, 0x0,
    0xf0, 0x7, 0x0, 0x1e, 0x7, 0x0, 0x3, 0x86,
    0x0, 0x0, 0xe0, 0x0, 0x0, 0x0,

    /* U+5939 "夹" */
    0x0, 0x3c, 0x0, 0x0, 0x38, 0x0, 0x0, 0x38,
    0x10, 0x0, 0x38, 0x38, 0x7f, 0xff, 0xfc, 0x0,
    0x38, 0x0, 0x18, 0x38, 0xe0, 0xe, 0x38, 0xf0,
    0xe, 0x38, 0xe0, 0x7, 0x39, 0xc0, 0x7, 0x39,
    0x8, 0x0, 0x38, 0x1e, 0xff, 0xff, 0xff, 0x0,
    0x78, 0x0, 0x0, 0x74, 0x0, 0x0, 0x76, 0x0,
    0x0, 0xe3, 0x0, 0x0, 0xe3, 0x80, 0x1, 0xc1,
    0xe0, 0x3, 0x80, 0xfc, 0x6, 0x0, 0x7e, 0x18,
    0x0, 0x3c, 0x60, 0x0, 0x8,

    /* U+5B58 "存" */
    0x0, 0xc0, 0x0, 0x3, 0xc0, 0x0, 0x7, 0x0,
    0x40, 0xe, 0x1, 0xef, 0xff, 0xff, 0xe0, 0x70,
    0x0, 0x0, 0xe0, 0x8, 0x3, 0x80, 0x38, 0x7,
    0x7f, 0xf0, 0x1c, 0x1, 0xe0, 0x38, 0x3, 0x80,
    0xf0, 0xc, 0x3, 0xe0, 0x71, 0xd, 0xc0, 0xe7,
    0x33, 0xbf, 0xff, 0x7, 0x3, 0x80, 0xe, 0x7,
    0x0, 0x1c, 0xe, 0x0, 0x38, 0x1c, 0x0, 0x70,
    0x38, 0x0, 0xe3, 0xf0, 0x1, 0xc1, 0xe0, 0x3,
    0x3, 0x80, 0x0,

    /* U+5B9A "定" */
    0x0, 0x70, 0x0, 0x0, 0x78, 0x0, 0x0, 0x70,
    0x0, 0x80, 0xc0, 0x63, 0xff, 0xff, 0xee, 0x0,
    0x3, 0xbc, 0x0, 0x6, 0x70, 0x0, 0x30, 0xff,
    0xff, 0xf8, 0x0, 0x70, 0x0, 0x0, 0xe0, 0x0,
    0x41, 0xc2, 0x0, 0xf3, 0x86, 0x1, 0xc7, 0xfe,
    0x3, 0x8e, 0x0, 0x6, 0x1c, 0x0, 0xc, 0x38,
    0x0, 0x3c, 0x70, 0x0, 0x64, 0xe0, 0x1, 0x8f,
    0xc0, 0x3, 0xf, 0xff, 0xec, 0xf, 0xff, 0xb0,
    0x3, 0xff, 0x0, 0x0, 0x0,

    /* U+5BC6 "密" */
    0x0, 0x70, 0x0, 0x0, 0x1c, 0x0, 0x4, 0x6,
    0x6, 0x3, 0xff, 0xff, 0x83, 0x0, 0x1, 0xe3,
    0x83, 0x88, 0xe3, 0x8e, 0xef, 0x41, 0xc7, 0x77,
    0x40, 0xb, 0x87, 0x38, 0xd, 0xcf, 0xe, 0xe,
    0xef, 0x17, 0xf, 0x7e, 0x19, 0x87, 0x3f, 0xfe,
    0x0, 0x3f, 0xfe, 0x0, 0xe0, 0x0, 0x1, 0x80,
    0x70, 0x0, 0x1c, 0x38, 0x70, 0xe, 0x1c, 0x38,
    0x7, 0xe, 0x1c, 0x3, 0x87, 0xe, 0x1, 0xc3,
    0x87, 0x1, 0xff, 0xff, 0x80, 0x30, 0x1, 0xc0,

    /* U+5BFC "导" */
    0x18, 0x0, 0xc0, 0x3f, 0xff, 0xe0, 0x70, 0x3,
    0x80, 0xe0, 0x7, 0x1, 0xc0, 0xe, 0x3, 0xff,
    0xfd, 0x7, 0x0, 0x3a, 0xe, 0x0, 0xc, 0x1c,
    0x0, 0x18, 0x3f, 0xff, 0xf8, 0x3f, 0xff, 0xe0,
    0x0, 0x1c, 0x0, 0x0, 0x38, 0x80, 0x0, 0x73,
    0xbf, 0xff, 0xff, 0x83, 0x81, 0xc0, 0x3, 0x83,
    0x80, 0x3, 0x87, 0x0, 0x7, 0xe, 0x0, 0x6,
    0x1c, 0x0, 0x0, 0x38, 0x0, 0x7, 0xf0, 0x0,
    0x1, 0xc0, 0x0, 0x0, 0x0,

    /* U+5C0F "小" */
    0x0, 0x3c, 0x0, 0x0, 0xe, 0x0, 0x0, 0x3,
    0x80, 0x0, 0x0, 0xe0, 0x0, 0x0, 0x38, 0x0,
    0x0, 0xe, 0x0, 0x0, 0xe3, 0x80, 0x0, 0x3c,
    0xe3, 0x0, 0xe, 0x38, 0x60, 0x7, 0x8e, 0x1c,
    0x1, 0xc3, 0x83, 0x80, 0x70, 0xe0, 0xf0, 0x38,
    0x38, 0x1c, 0xe, 0xe, 0x7, 0x83, 0x3, 0x81,
    0xe1, 0x80, 0xe0, 0x38, 0x40, 0x38, 0xe, 0x20,
    0xe, 0x3, 0x0, 0x3, 0x80, 0x0, 0x0, 0xe0,
    0x0, 0x3, 0xf8, 0x0, 0x0, 0x3e, 0x0, 0x0,
    0x7, 0x0, 0x0,

    /* U+5DE5 "工" */
    0x0, 0x0, 0x20, 0x0, 0x0, 0xf0, 0xff, 0xff,
    0xf0, 0x1, 0xc0, 0x0, 0x3, 0x80, 0x0, 0x7,
    0x0, 0x0, 0xe, 0x0, 0x0, 0x1c, 0x0, 0x0,
    0x38, 0x0, 0x0, 0x70, 0x0, 0x0, 0xe0, 0x0,
    0x1, 0xc0, 0x0, 0x3, 0x80, 0x0, 0x7, 0x0,
    0x0, 0xe, 0x0, 0x0, 0x1c, 0x0, 0x0, 0x38,
    0x18, 0x0, 0x70, 0x3b, 0xff, 0xff, 0xf8,

    /* U+5DE6 "左" */
    0x0, 0xc0, 0x0, 0x1, 0xe0, 0x0, 0x3, 0x80,
    0x0, 0x7, 0x0, 0x0, 0x1e, 0x0, 0x80, 0x38,
    0x3, 0xbf, 0xff, 0xff, 0x80, 0xe0, 0x0, 0x1,
    0xc0, 0x0, 0x7, 0x0, 0x0, 0xe, 0x0, 0x0,
    0x1c, 0x1, 0x0, 0x30, 0x7, 0x80, 0xff, 0xff,
    0x81, 0xc3, 0x80, 0x7, 0x7, 0x0, 0xc, 0xe,
    0x0, 0x38, 0x1c, 0x0, 0x60, 0x38, 0x1, 0x80,
    0x70, 0x6, 0x0, 0xe0, 0x88, 0x1, 0xc3, 0xa3,
    0xff, 0xff, 0x80,

    /* U+5E8F "序" */
    0x0, 0x38, 0x0, 0x0, 0x1e, 0x0, 0x0, 0xe,
    0xc, 0x30, 0xe, 0xe, 0x3f, 0xff, 0xff, 0x38,
    0x0, 0x30, 0x39, 0xff, 0xf8, 0x38, 0x0, 0xf0,
    0x38, 0x39, 0xc0, 0x38, 0x1f, 0x0, 0x38, 0xe,
    0x0, 0x38, 0x6, 0xc, 0x3b, 0xff, 0xfe, 0x38,
    0xe, 0x1e, 0x38, 0xe, 0x1c, 0x38, 0xe, 0x10,
    0x30, 0xe, 0x20, 0x30, 0xe, 0x0, 0x70, 0xe,
    0x0, 0x60, 0xe, 0x0, 0x60, 0x7e, 0x0, 0x40,
    0x1e, 0x0, 0x80, 0x1c, 0x0,

    /* U+5EA6 "度" */
    0x0, 0x38, 0x0, 0x0, 0x1c, 0x8, 0x30, 0x1c,
    0x1c, 0x3f, 0xff, 0xfe, 0x38, 0x0, 0x0, 0x38,
    0xe1, 0xc8, 0x38, 0xe1, 0xdc, 0x3f, 0xff, 0xfe,
    0x38, 0xe1, 0xc0, 0x38, 0xe1, 0xc0, 0x38, 0xe1,
    0xc0, 0x38, 0xff, 0xc0, 0x38, 0xe1, 0x80, 0x38,
    0x0, 0x60, 0x3b, 0xff, 0xf0, 0x38, 0x80, 0xf0,
    0x30, 0x41, 0xe0, 0x30, 0x63, 0xc0, 0x70, 0x3f,
    0x80, 0x60, 0x1f, 0x80, 0x60, 0x3f, 0xff, 0x40,
    0xf3, 0xfc, 0x87, 0x80, 0x7c, 0x18, 0x0, 0x0,

    /* U+5F00 "开" */
    0x0, 0x0, 0x20, 0x0, 0x0, 0x61, 0xff, 0xff,
    0xe0, 0x1c, 0x38, 0x0, 0x38, 0x70, 0x0, 0x70,
    0xe0, 0x0, 0xe1, 0xc0, 0x1, 0xc3, 0x80, 0x3,
    0x87, 0x18, 0x7, 0xe, 0x3b, 0xff, 0xff, 0xf0,
    0x1c, 0x38, 0x0, 0x38, 0x70, 0x0, 0x70, 0xe0,
    0x0, 0xe1, 0xc0, 0x3, 0x83, 0x80, 0x7, 0x7,
    0x0, 0xe, 0xe, 0x0, 0x38, 0x1c, 0x0, 0xe0,
    0x38, 0x1, 0x80, 0x70, 0xc, 0x0, 0xe0, 0x20,
    0x1, 0xc0, 0x0,

    /* U+5F0F "式" */
    0x0, 0x0, 0x0, 0x0, 0x1d, 0xc0, 0x0, 0x39,
    0xc0, 0x0, 0x71, 0xc0, 0x0, 0xe1, 0x0, 0x1,
    0xc7, 0xbf, 0xff, 0xff, 0x80, 0x7, 0x0, 0x0,
    0xe, 0x0, 0x0, 0x9c, 0x0, 0x1, 0xb8, 0x3,
    0xff, 0xb8, 0x0, 0x70, 0x70, 0x0, 0xe0, 0xe0,
    0x1, 0xc1, 0xc0, 0x3, 0x83, 0xc0, 0x7, 0x3,
    0x80, 0xe, 0x7, 0x88, 0x1c, 0xc7, 0x90, 0x3e,
    0xf, 0xaf, 0xf0, 0xf, 0xcf, 0x80, 0xf, 0x98,
    0x0, 0xf, 0x80, 0x0, 0xe, 0x0, 0x0, 0x0,

    /* U+5F20 "张" */
    0x0, 0x10, 0x0, 0x3, 0x1c, 0x0, 0xff, 0x9c,
    0x20, 0x3, 0x9c, 0x30, 0x3, 0x9c, 0x7c, 0x3,
    0x9c, 0x70, 0x3, 0x9c, 0xe0, 0x63, 0x9d, 0xc0,
    0x7f, 0x9f, 0x0, 0x73, 0x9e, 0x8, 0x70, 0x1c,
    0x1c, 0x60, 0xff, 0xfe, 0x61, 0x1d, 0x0, 0xff,
    0xdc, 0x80, 0x23, 0x9c, 0x80, 0x3, 0x9c, 0xc0,
    0x3, 0x9c, 0x40, 0x3, 0x9c, 0x60, 0x3, 0x9c,
    0x70, 0x3, 0x9d, 0xb8, 0x7, 0xbf, 0x3e, 0x3f,
    0x1e, 0x1e, 0xf, 0x1c, 0xc, 0xe, 0x8, 0x0,

    /* U+5F53 "当" */
    0x0, 0x78, 0x0, 0x3, 0x86, 0xc, 0x1c, 0x3c,
    0x30, 0xe1, 0xc1, 0xc7, 0x1c, 0x7, 0x38, 0xe0,
    0x39, 0xc6, 0x1, 0xce, 0x40, 0x0, 0x70, 0x63,
    0xff, 0xff, 0xc0, 0x0, 0x1c, 0x0, 0x0, 0xe0,
    0x0, 0x7, 0x0, 0x0, 0x38, 0x0, 0x1, 0xc7,
    0xff, 0xfe, 0x0, 0x0, 0x70, 0x0, 0x3, 0x80,
    0x0, 0x1c, 0x0, 0x0, 0xef, 0xff, 0xff, 0x0,
    0x0, 0x38, 0x0, 0x1, 0x80,

    /* U+5F55 "录" */
    0x0, 0x1, 0x80, 0x3f, 0xff, 0x80, 0x0, 0x7,
    0x80, 0x0, 0xe, 0x0, 0x0, 0x1c, 0x1, 0xff,
    0xf8, 0x0, 0x0, 0x70, 0x0, 0x0, 0xec, 0x0,
    0x1, 0xdd, 0xff, 0xff, 0xfc, 0x40, 0xe0, 0x0,
    0x71, 0xe1, 0x80, 0xf3, 0xc7, 0x80, 0xe7, 0x5c,
    0x1, 0xce, 0xa0, 0x0, 0x7d, 0x80, 0x3, 0xb9,
    0x80, 0x1e, 0x71, 0xc1, 0xf0, 0xe3, 0xe3, 0xc1,
    0xc3, 0xe7, 0x3f, 0x83, 0x84, 0x1f, 0x1, 0x0,
    0x1c, 0x0, 0x0, 0x20, 0x0,

    /* U+5F84 "径" */
    0xe, 0x0, 0x20, 0xf, 0x0, 0x70, 0x1e, 0x7f,
    0xf8, 0x1c, 0x0, 0xf8, 0x30, 0x0, 0xf0, 0x64,
    0x1, 0xe0, 0x8f, 0x3, 0xc0, 0xe, 0x7, 0xc0,
    0x1e, 0xe, 0x78, 0x1c, 0x1c, 0x3c, 0x3c, 0x30,
    0x1e, 0x3c, 0xc0, 0x2e, 0x5c, 0x0, 0x70, 0x9c,
    0x7f, 0xf8, 0x1c, 0x7, 0x0, 0x1c, 0x7, 0x0,
    0x1c, 0x7, 0x0, 0x1c, 0x7, 0x0, 0x1c, 0x7,
    0x0, 0x1c, 0x7, 0x8, 0x1c, 0x7, 0x1c, 0x1d,
    0xff, 0xfe, 0x18, 0x0, 0x0,

    /* U+5FEB "快" */
    0xf, 0x7, 0x80, 0x7, 0x3, 0x80, 0x3, 0x81,
    0xc0, 0x1, 0xc0, 0xe0, 0x0, 0xe0, 0x73, 0x1,
    0x7f, 0xff, 0xe0, 0xbb, 0x1c, 0xe0, 0x5d, 0x8e,
    0x70, 0x7e, 0xc7, 0x38, 0x37, 0x3, 0x9c, 0x3b,
    0x81, 0xce, 0x81, 0xc0, 0xe7, 0xe0, 0xef, 0xff,
    0xf8, 0x70, 0x38, 0x0, 0x38, 0x1a, 0x0, 0x1c,
    0x1d, 0x0, 0xe, 0xe, 0xc0, 0x7, 0x6, 0x38,
    0x3, 0x87, 0x1f, 0x1, 0xc7, 0x7, 0xf0, 0xe7,
    0x1, 0xe0, 0x76, 0x0, 0x60, 0x38, 0x0, 0x0,

    /* U+6162 "慢" */
    0xe, 0x10, 0x18, 0x7, 0xf, 0xff, 0x3, 0x87,
    0x7, 0x1, 0xc3, 0xff, 0x82, 0xf1, 0xc1, 0xc1,
    0x7c, 0xe0, 0xe0, 0xba, 0x7f, 0xf0, 0x7d, 0xa0,
    0x4, 0x6e, 0x7f, 0xff, 0x37, 0x3b, 0xb3, 0x9b,
    0x9d, 0xd9, 0xc1, 0xce, 0xec, 0xe0, 0xe7, 0xff,
    0xf0, 0x73, 0x80, 0x70, 0x38, 0x0, 0x70, 0x1c,
    0xff, 0xfc, 0xe, 0x8, 0x3c, 0x7, 0x3, 0x3c,
    0x3, 0x80, 0xfc, 0x1, 0xc0, 0x3c, 0x0, 0xe0,
    0x7f, 0xf8, 0x70, 0xe1, 0xf8, 0x3b, 0x0, 0x18,

    /* U+6237 "户" */
    0x0, 0x38, 0x0, 0x0, 0x70, 0x0, 0x1, 0xc0,
    0x6, 0x3, 0xc, 0x1f, 0xff, 0xf8, 0x70, 0x0,
    0xe1, 0xc0, 0x3, 0x87, 0x0, 0xe, 0x1c, 0x0,
    0x38, 0x70, 0x0, 0xe1, 0xc0, 0x3, 0x87, 0xff,
    0xfe, 0x1c, 0x0, 0x38, 0x70, 0x0, 0xc1, 0xc0,
    0x0, 0x6, 0x0, 0x0, 0x18, 0x0, 0x0, 0xe0,
    0x0, 0x3, 0x0, 0x0, 0xc, 0x0, 0x0, 0x60,
    0x0, 0x1, 0x0, 0x0, 0x8, 0x0, 0x0, 0x0,
    0x0, 0x0,

    /* U+624B "手" */
    0x0, 0x1, 0xc0, 0x0, 0x1f, 0xc0, 0x3, 0xff,
    0xc0, 0xff, 0xc0, 0x2, 0x3, 0x80, 0x0, 0x7,
    0x0, 0x0, 0xe, 0x4, 0x0, 0x1c, 0x1c, 0x7f,
    0xff, 0xfc, 0x0, 0x70, 0x0, 0x0, 0xe0, 0x0,
    0x1, 0xc0, 0x40, 0x3, 0x81, 0xdf, 0xff, 0xff,
    0xc0, 0xe, 0x0, 0x0, 0x1c, 0x0, 0x0, 0x38,
    0x0, 0x0, 0x70, 0x0, 0x0, 0xe0, 0x0, 0x1,
    0xc0, 0x0, 0x3f, 0x80, 0x0, 0x1f, 0x0, 0x0,
    0x18, 0x0, 0x0,

    /* U+62E9 "择" */
    0x1c, 0x0, 0x0, 0x1c, 0x0, 0x18, 0x1c, 0x7f,
    0xfc, 0x1c, 0x10, 0x3c, 0x1c, 0x10, 0x38, 0x1d,
    0x8, 0x78, 0x1d, 0x8c, 0x70, 0xff, 0xc6, 0xe0,
    0x1c, 0x3, 0xc0, 0x1c, 0x3, 0xf0, 0x1c, 0x47,
    0xff, 0x1f, 0x9c, 0x3c, 0x1e, 0x63, 0xc4, 0xfc,
    0x83, 0x80, 0xfc, 0x3, 0x9c, 0x5c, 0x7f, 0xfe,
    0x1c, 0x3, 0x84, 0x1c, 0x3, 0x8e, 0x1c, 0xff,
    0xff, 0x1c, 0x3, 0x80, 0xdc, 0x3, 0x80, 0x3c,
    0x3, 0x80, 0x3c, 0x3, 0x80, 0x18, 0x3, 0x80,

    /* U+63A5 "接" */
    0x1e, 0x3, 0x0, 0xe, 0x1, 0xc4, 0x7, 0x0,
    0xe3, 0x3, 0x8f, 0xff, 0xc1, 0xd1, 0x2, 0x0,
    0xfc, 0xc1, 0xc3, 0xff, 0x31, 0xc0, 0x38, 0x1c,
    0xc0, 0x1c, 0xc, 0x4e, 0xe, 0x7f, 0xff, 0x7,
    0xc1, 0x0, 0x7, 0xc1, 0xe0, 0x8f, 0xc0, 0xe0,
    0xe7, 0xe7, 0xff, 0xf9, 0x70, 0x71, 0xe0, 0x38,
    0x70, 0xe0, 0x1c, 0x38, 0x70, 0xe, 0x38, 0x70,
    0x7, 0x7, 0xf8, 0x3, 0x80, 0x7e, 0x7, 0xc0,
    0x7f, 0xc1, 0xe0, 0xf1, 0xe0, 0xe1, 0xc0, 0x70,
    0x1, 0x0, 0x0,

    /* U+64CD "操" */
    0xf, 0x1c, 0x30, 0x7, 0xf, 0xfc, 0x3, 0x87,
    0x8e, 0x1, 0xc3, 0xc7, 0x0, 0xf9, 0xff, 0x83,
    0xfe, 0xe1, 0x0, 0x39, 0x9, 0x18, 0x1c, 0xfe,
    0xfe, 0xe, 0x63, 0x67, 0x7, 0x31, 0xb3, 0x83,
    0xf8, 0xd9, 0xc3, 0xef, 0xef, 0xe7, 0xe6, 0x36,
    0x63, 0xf0, 0xe, 0x21, 0xb8, 0x7, 0x1c, 0x1d,
    0xff, 0xff, 0xe, 0x3, 0xe0, 0x7, 0x3, 0xf8,
    0x3, 0x83, 0xf7, 0x1, 0xc3, 0xb9, 0xf7, 0xe3,
    0x1c, 0x60, 0xf6, 0xe, 0x10, 0x70, 0x6, 0x0,

    /* U+6539 "改" */
    0x0, 0x2, 0x0, 0x0, 0x7, 0xc0, 0x1, 0x87,
    0x80, 0xff, 0xc7, 0x0, 0x1, 0xc7, 0x0, 0x1,
    0xc7, 0x4, 0x1, 0xce, 0xe, 0x1, 0xcf, 0xff,
    0x1, 0xcc, 0x1c, 0x61, 0xdc, 0x3c, 0x7f, 0xdc,
    0x38, 0x71, 0xf4, 0x38, 0x70, 0x24, 0x38, 0x70,
    0x42, 0x70, 0x70, 0x2, 0x70, 0x70, 0x3, 0xf0,
    0x70, 0x1, 0xe0, 0x70, 0xe1, 0xc0, 0x77, 0x83,
    0xe0, 0x7e, 0x7, 0xf0, 0xfc, 0xe, 0x7c, 0x70,
    0x1c, 0x3f, 0x60, 0x70, 0x1c, 0x1, 0x80, 0xc,

    /* U+6545 "故" */
    0x8, 0x2, 0x0, 0xf, 0x3, 0xc0, 0xe, 0x3,
    0x80, 0xe, 0x3, 0x80, 0xe, 0x7, 0x4, 0xe,
    0x77, 0xe, 0xff, 0xff, 0xff, 0xe, 0xe, 0x1c,
    0xe, 0xc, 0x1c, 0xe, 0xa, 0x3c, 0xe, 0x12,
    0x38, 0x6e, 0xc2, 0x38, 0x7f, 0xe3, 0x38, 0x70,
    0xe1, 0x70, 0x70, 0xe1, 0xf0, 0x70, 0xe1, 0xe0,
    0x70, 0xe0, 0xe0, 0x70, 0xe1, 0xe0, 0x70, 0xe1,
    0xf0, 0x7f, 0xe3, 0x78, 0x70, 0xe6, 0x3e, 0x70,
    0x8c, 0x1f, 0x0, 0x10, 0xe, 0x0, 0x60, 0x4,

    /* U+6570 "数" */
    0x6, 0x0, 0x0, 0x47, 0x21, 0xe0, 0x77, 0x73,
    0xc0, 0x37, 0x63, 0x80, 0x37, 0x53, 0x84, 0x7,
    0x3b, 0x8e, 0x7f, 0xc3, 0xff, 0x1f, 0xc3, 0x1c,
    0x1f, 0x77, 0x1c, 0x3f, 0x76, 0x1c, 0x67, 0x36,
    0x1c, 0xce, 0x5, 0x38, 0xf, 0x9, 0x38, 0xe,
    0x21, 0x38, 0xff, 0xf1, 0xf0, 0x1c, 0x70, 0xf0,
    0x38, 0x60, 0xe0, 0x30, 0xe0, 0xe0, 0x3f, 0xc1,
    0xf0, 0x7, 0xe3, 0xf8, 0x3, 0xe3, 0x3c, 0xe,
    0x6e, 0x1f, 0x38, 0x18, 0xc, 0xc0, 0x60, 0x4,

    /* U+6599 "料" */
    0x7, 0x0, 0x38, 0x3, 0x80, 0x1c, 0x1, 0xc0,
    0xe, 0xc, 0xef, 0xc7, 0x7, 0x76, 0x33, 0x81,
    0xbb, 0x1d, 0xc0, 0xdd, 0x6, 0xe0, 0x6e, 0x83,
    0x70, 0x7, 0x0, 0x38, 0x3, 0xbf, 0x1c, 0x1f,
    0xfd, 0xce, 0x1, 0xe0, 0x77, 0x0, 0xf8, 0x3b,
    0x80, 0xfb, 0x1, 0xc0, 0x7d, 0xc0, 0xec, 0x3e,
    0x60, 0x7f, 0x37, 0x30, 0xf8, 0x1b, 0x87, 0x9c,
    0x19, 0xc0, 0xe, 0x8, 0xe0, 0x7, 0x0, 0x70,
    0x3, 0x80, 0x38, 0x1, 0xc0, 0x1c, 0x0, 0xe0,
    0xc, 0x0, 0x60,

    /* U+65B0 "新" */
    0xc, 0x0, 0x8, 0x7, 0x0, 0x1c, 0x7, 0x24,
    0x7e, 0x7, 0x77, 0xe0, 0x7f, 0xff, 0x0, 0x30,
    0xc7, 0x0, 0x18, 0xe7, 0x0, 0x18, 0xc7, 0x0,
    0x1c, 0xa7, 0xc, 0x19, 0xf7, 0x1e, 0xff, 0xff,
    0xfe, 0x7, 0x7, 0x38, 0x7, 0x77, 0x38, 0x7f,
    0xff, 0x38, 0x7, 0x7, 0x38, 0x3f, 0x87, 0x38,
    0x3f, 0xe7, 0x38, 0x37, 0x6e, 0x38, 0x67, 0x6e,
    0x38, 0x67, 0x6c, 0x38, 0x47, 0xc, 0x38, 0x9f,
    0x18, 0x38, 0xf, 0x30, 0x38, 0xe, 0x20, 0x38,

    /* U+65E5 "日" */
    0x0, 0x0, 0x60, 0x3, 0x3f, 0xff, 0xfc, 0x0,
    0xee, 0x0, 0x77, 0x0, 0x3b, 0x80, 0x1d, 0xc0,
    0xe, 0xe0, 0x7, 0x70, 0x3, 0xb8, 0x1, 0xdf,
    0xff, 0xee, 0x0, 0x77, 0x0, 0x3b, 0x80, 0x1d,
    0xc0, 0xe, 0xe0, 0x7, 0x70, 0x3, 0xb8, 0x1,
    0xdc, 0x0, 0xef, 0xff, 0xf7, 0x0, 0x3b, 0x80,
    0x18,

    /* U+65F6 "时" */
    0x0, 0x0, 0xf1, 0x8c, 0x1, 0xc3, 0xfe, 0x3,
    0x87, 0x38, 0x7, 0xe, 0x70, 0xe, 0x9c, 0xe0,
    0x1d, 0xb9, 0xff, 0xff, 0xf3, 0x80, 0x70, 0xe7,
    0x0, 0xe1, 0xfe, 0x41, 0xc3, 0x9c, 0xe3, 0x87,
    0x38, 0xe7, 0xe, 0x71, 0xce, 0x1c, 0xe3, 0x9c,
    0x39, 0xc7, 0x38, 0x73, 0x80, 0x70, 0xff, 0x0,
    0xe1, 0xce, 0x1, 0xc3, 0x9c, 0x3, 0x87, 0x0,
    0x7, 0xc, 0x0, 0xfe, 0x0, 0x0, 0x7c, 0x0,
    0x0, 0x60, 0x0,

    /* U+671F "期" */
    0x20, 0x80, 0x0, 0x38, 0xe6, 0xc, 0x38, 0xe7,
    0xff, 0x38, 0xf7, 0xe, 0xff, 0xff, 0xe, 0x38,
    0xe7, 0xe, 0x38, 0xe7, 0xe, 0x3f, 0xe7, 0xfe,
    0x38, 0xe7, 0xe, 0x38, 0xe7, 0xe, 0x38, 0xe7,
    0xe, 0x3f, 0xe7, 0xe, 0x38, 0xe7, 0xe, 0x38,
    0xe7, 0xfe, 0x38, 0xff, 0xe, 0xff, 0xff, 0xe,
    0x11, 0x6, 0xe, 0x1c, 0xce, 0xe, 0x1e, 0xee,
    0xe, 0x38, 0x6c, 0xe, 0x30, 0x6c, 0x7e, 0x60,
    0x18, 0x1e, 0xc0, 0x10, 0x1c, 0x0, 0x0, 0x0,

    /* U+673A "机" */
    0xe, 0x0, 0x0, 0xe, 0x18, 0x70, 0xe, 0x1f,
    0xf8, 0xe, 0x1c, 0x70, 0xe, 0x9c, 0x70, 0xf,
    0xdc, 0x70, 0xff, 0xfc, 0x70, 0xe, 0x1c, 0x70,
    0x1e, 0x1c, 0x70, 0x1f, 0x1c, 0x70, 0x1f, 0xdc,
    0x70, 0x1f, 0xdc, 0x70, 0x3e, 0xdc, 0x70, 0x3e,
    0x1c, 0x70, 0x2e, 0x1c, 0x70, 0x4e, 0x1c, 0x70,
    0x8e, 0x18, 0x70, 0xe, 0x38, 0x72, 0xe, 0x38,
    0x72, 0xe, 0x30, 0x72, 0xe, 0x60, 0x7f, 0xe,
    0xc0, 0x7e, 0xf, 0x0, 0x0,

    /* U+6746 "杆" */
    0xf, 0x0, 0x8, 0xe, 0x0, 0xc, 0xe, 0x3f,
    0xfe, 0xe, 0x1, 0xc0, 0xe, 0x1, 0xc0, 0xe,
    0xc1, 0xc0, 0xff, 0xe1, 0xc0, 0xe, 0x1, 0xc0,
    0x1e, 0x1, 0xc4, 0x1e, 0x1, 0xce, 0x1f, 0xbf,
    0xff, 0x3e, 0xc1, 0xc0, 0x3e, 0xe1, 0xc0, 0x3e,
    0xe1, 0xc0, 0x6e, 0x1, 0xc0, 0x4e, 0x1, 0xc0,
    0x8e, 0x1, 0xc0, 0xe, 0x1, 0xc0, 0xe, 0x1,
    0xc0, 0xe, 0x1, 0xc0, 0xe, 0x1, 0xc0, 0xe,
    0x1, 0xc0, 0xe, 0x1, 0xc0,

    /* U+6750 "材" */
    0x7, 0x80, 0x3c, 0x3, 0x80, 0x1c, 0x1, 0xc0,
    0xe, 0x0, 0xe0, 0x7, 0x0, 0x70, 0x3, 0xa0,
    0x3b, 0x1, 0xd9, 0xff, 0xff, 0xfe, 0xe, 0x0,
    0xf0, 0xf, 0x0, 0xf8, 0x7, 0xc0, 0x7c, 0x3,
    0xd8, 0x7e, 0x1, 0xee, 0x3f, 0x1, 0xf7, 0x3b,
    0x80, 0xf9, 0x19, 0xc0, 0xdc, 0x18, 0xe0, 0x4e,
    0x18, 0x70, 0x47, 0x18, 0x38, 0x3, 0x98, 0x1c,
    0x1, 0xd0, 0xe, 0x0, 0xe0, 0x7, 0x0, 0x70,
    0x1f, 0x80, 0x38, 0x3, 0xc0, 0x1c, 0x1, 0x80,

    /* U+6807 "标" */
    0x0, 0x0, 0x0, 0x1, 0xe0, 0x1, 0x0, 0x38,
    0x0, 0x70, 0x7, 0xf, 0xff, 0x0, 0xe0, 0x0,
    0x0, 0x1d, 0x0, 0x0, 0x3, 0xf0, 0x0, 0x3,
    0xff, 0x0, 0x20, 0x1e, 0x0, 0xf, 0x3, 0xe7,
    0xff, 0xf0, 0x7e, 0x7, 0x0, 0xf, 0x60, 0xe0,
    0x1, 0xed, 0x9c, 0x0, 0x7d, 0xbf, 0xa0, 0xf,
    0x87, 0x77, 0x1, 0x70, 0xce, 0x70, 0x4e, 0x39,
    0xce, 0x11, 0xc6, 0x38, 0xe0, 0x39, 0x87, 0x1c,
    0x7, 0x20, 0xe3, 0x80, 0xe8, 0x1c, 0x30, 0x1c,
    0x1f, 0x80, 0x3, 0x80, 0xf0, 0x0, 0x70, 0x18,
    0x0,

    /* U+68C0 "检" */
    0xf, 0x3, 0x80, 0x7, 0x1, 0xe0, 0x3, 0x81,
    0xf0, 0x1, 0xc0, 0xec, 0x0, 0xe0, 0xe3, 0x0,
    0x76, 0x60, 0xc1, 0xff, 0xe0, 0x78, 0x1c, 0x20,
    0x5f, 0x1e, 0x20, 0x36, 0xf, 0xc7, 0xfc, 0x7,
    0xf0, 0x0, 0x3, 0xd8, 0x43, 0x83, 0xee, 0x31,
    0xe1, 0xf0, 0x98, 0xe1, 0xb8, 0x6e, 0x60, 0x9c,
    0x33, 0x70, 0x8e, 0x1d, 0xb0, 0x7, 0xe, 0xd8,
    0x3, 0x87, 0x8, 0x1, 0xc0, 0x4, 0x80, 0xe0,
    0x4, 0xe0, 0x73, 0xff, 0xf8, 0x30, 0x0, 0x0,

    /* U+6A21 "模" */
    0xf, 0xe, 0x78, 0x7, 0x7, 0x3a, 0x3, 0x83,
    0x9f, 0x81, 0xcf, 0xff, 0xe0, 0xe8, 0xe7, 0x0,
    0x7f, 0x0, 0xc1, 0xf8, 0xff, 0xf0, 0x1c, 0x70,
    0x38, 0x1e, 0x38, 0x1c, 0xf, 0xdf, 0xfe, 0x7,
    0xbe, 0x7, 0x3, 0xdf, 0x3, 0x83, 0xef, 0xff,
    0xc1, 0xf1, 0xdc, 0xe0, 0xb8, 0xee, 0x70, 0x9c,
    0x7, 0x1c, 0x4e, 0xff, 0xff, 0x7, 0x1, 0xc0,
    0x3, 0x81, 0xd8, 0x1, 0xc1, 0xc7, 0x80, 0xe1,
    0xc3, 0xf0, 0x71, 0xc0, 0xf0, 0x3b, 0x0, 0x10,

    /* U+6B63 "正" */
    0x0, 0x0, 0x10, 0x0, 0x0, 0x3c, 0x3f, 0xff,
    0xfe, 0x0, 0x1c, 0x0, 0x0, 0x1c, 0x0, 0x0,
    0x1c, 0x0, 0x0, 0x1c, 0x0, 0x0, 0x1c, 0x0,
    0xf, 0x1c, 0x0, 0xe, 0x1c, 0x30, 0xe, 0x1c,
    0x78, 0xe, 0x1f, 0xfc, 0xe, 0x1c, 0x0, 0xe,
    0x1c, 0x0, 0xe, 0x1c, 0x0, 0xe, 0x1c, 0x0,
    0xe, 0x1c, 0x0, 0xe, 0x1c, 0x0, 0xe, 0x1c,
    0x0, 0xe, 0x1c, 0x8, 0xe, 0x1c, 0x1e, 0xff,
    0xff, 0xff,

    /* U+6BD4 "比" */
    0x70, 0x18, 0x1, 0xe0, 0x70, 0x7, 0x1, 0xc0,
    0x1c, 0x7, 0x0, 0x70, 0x1c, 0x1, 0xc0, 0x70,
    0x87, 0x1, 0xc7, 0x1c, 0x47, 0x3e, 0x73, 0x9c,
    0xe1, 0xff, 0x76, 0x7, 0x1, 0xe0, 0x1c, 0x7,
    0x0, 0x70, 0x1c, 0x1, 0xc0, 0x70, 0x7, 0x1,
    0xc0, 0x1c, 0x7, 0x2, 0x70, 0x1c, 0x9, 0xc3,
    0x70, 0x27, 0xf1, 0xc1, 0xbf, 0x87, 0xff, 0xf8,
    0x1f, 0xfd, 0xc0, 0x3f, 0xe0, 0x0, 0x0, 0x0,

    /* U+6C60 "池" */
    0x1c, 0x3, 0xc0, 0xe, 0x3, 0x80, 0xe, 0x73,
    0x80, 0x6, 0x73, 0x80, 0x0, 0x73, 0x84, 0x1,
    0x73, 0x8e, 0x71, 0x73, 0xfe, 0x3a, 0x73, 0x8e,
    0x3a, 0x7f, 0x8e, 0x12, 0x73, 0x8e, 0x7, 0xf3,
    0x8e, 0x4, 0x73, 0x8e, 0xc, 0x73, 0x8e, 0xc,
    0x73, 0x8e, 0x8, 0x73, 0xfe, 0x18, 0x73, 0x9c,
    0x78, 0x73, 0x98, 0x18, 0x73, 0x82, 0x18, 0x70,
    0x2, 0x1c, 0x70, 0x2, 0x1c, 0x7f, 0xff, 0x1c,
    0x7f, 0xff, 0x18, 0x3f, 0xfe,

    /* U+6D4B "测" */
    0x60, 0x0, 0x8, 0x72, 0xc, 0x1c, 0x77, 0xfe,
    0x30, 0xec, 0x30, 0x60, 0x18, 0x66, 0xc0, 0xb7,
    0xcd, 0xb1, 0x6d, 0x9b, 0x3a, 0xdb, 0x36, 0x79,
    0xb6, 0x6c, 0x53, 0x6c, 0xd8, 0x26, 0xd9, 0xb0,
    0xcd, 0xb3, 0x61, 0x9b, 0x66, 0xc2, 0x36, 0xcd,
    0x8c, 0x6d, 0x9b, 0x18, 0xf8, 0x36, 0x70, 0x78,
    0x6c, 0x60, 0xd8, 0x18, 0xc1, 0xb8, 0x31, 0xc6,
    0x38, 0x63, 0x98, 0x73, 0xc7, 0x60, 0x43, 0x8d,
    0x80, 0x6, 0x0,

    /* U+6D82 "涂" */
    0x0, 0x8, 0x0, 0x1c, 0x7, 0x80, 0x7, 0x7,
    0xc0, 0x3, 0x83, 0xb0, 0x0, 0xd1, 0xcc, 0x0,
    0x11, 0xc3, 0x0, 0x9, 0xc1, 0xe1, 0xc4, 0xc0,
    0x7c, 0x74, 0xc0, 0xfe, 0x3a, 0xdf, 0xfe, 0xf,
    0x81, 0xc1, 0x1, 0x0, 0xe1, 0x1, 0x80, 0x71,
    0xc0, 0xcf, 0xff, 0xf0, 0xc0, 0x1c, 0x0, 0x60,
    0xee, 0x80, 0xf0, 0xf7, 0x70, 0x38, 0x73, 0x9c,
    0xc, 0x71, 0xc7, 0x7, 0x30, 0xe3, 0x83, 0xb0,
    0x71, 0xc1, 0xd0, 0xf8, 0x60, 0xe0, 0x3c, 0x0,
    0x60, 0x1c, 0x0,

    /* U+6D88 "消" */
    0x30, 0x3, 0xc0, 0x39, 0x7, 0x10, 0x39, 0x8e,
    0x78, 0x73, 0x9c, 0xe0, 0x4b, 0xb9, 0x80, 0x27,
    0x76, 0x18, 0x44, 0xe8, 0x1c, 0xb1, 0xcc, 0x3a,
    0x7f, 0xfe, 0x24, 0xe0, 0x38, 0x19, 0xc0, 0x70,
    0x23, 0x80, 0xe0, 0xc7, 0xff, 0xc1, 0x8e, 0x3,
    0x86, 0x1c, 0x7, 0xc, 0x38, 0xe, 0x78, 0x7f,
    0xfc, 0x30, 0xe0, 0x38, 0x61, 0xc0, 0x70, 0xe3,
    0x80, 0xe1, 0xc7, 0xf, 0xc3, 0x8e, 0x7, 0x86,
    0x1c, 0xe, 0x0,

    /* U+6F06 "漆" */
    0x30, 0xf, 0x0, 0x78, 0x1c, 0x20, 0x70, 0x38,
    0xe0, 0x6f, 0xff, 0xe0, 0x1, 0xe0, 0x0, 0x47,
    0xfc, 0x38, 0x9f, 0x9c, 0x3a, 0x37, 0x1c, 0x74,
    0xcc, 0x1c, 0x4a, 0x3e, 0x30, 0x38, 0xf8, 0x0,
    0x43, 0xce, 0x1, 0x8e, 0xf, 0xc3, 0x31, 0xc7,
    0xd, 0xb3, 0x9a, 0x18, 0x37, 0x78, 0x70, 0x7e,
    0xc0, 0x60, 0x3f, 0x0, 0xc3, 0xbb, 0xc1, 0xde,
    0x73, 0xc3, 0xbf, 0xe3, 0x87, 0x23, 0xc3, 0xc,
    0x7, 0x0, 0x0,

    /* U+7406 "理" */
    0x1, 0x40, 0x4, 0x1, 0xff, 0xff, 0x3f, 0xfc,
    0xe3, 0xc3, 0x8e, 0x71, 0xc1, 0xc7, 0x38, 0xe0,
    0xe3, 0x9c, 0x70, 0x71, 0xce, 0x38, 0x3a, 0xff,
    0xfc, 0x1f, 0x73, 0x8e, 0x7f, 0xf9, 0xc7, 0x7,
    0x1c, 0xe3, 0x83, 0x8e, 0x71, 0xc1, 0xc7, 0xff,
    0xe0, 0xe3, 0x9c, 0x60, 0x70, 0xe, 0x30, 0x3b,
    0x7, 0x1c, 0x1e, 0x7f, 0xff, 0x7e, 0x1, 0xc0,
    0x3c, 0x0, 0xe0, 0xc, 0x0, 0x70, 0xc0, 0x0,
    0x38, 0x70, 0xf, 0xff, 0xfc,

    /* U+7528 "用" */
    0x0, 0x0, 0x0, 0x60, 0x0, 0xc1, 0xff, 0xff,
    0xc7, 0xe, 0xe, 0x1c, 0x38, 0x38, 0x70, 0xe0,
    0xe1, 0xc3, 0x83, 0x87, 0xff, 0xfe, 0x1c, 0x38,
    0x38, 0x70, 0xe0, 0xe1, 0xc3, 0x83, 0x87, 0xe,
    0xe, 0x1c, 0x38, 0x38, 0x7f, 0xff, 0xe1, 0xc3,
    0x83, 0x86, 0xe, 0xe, 0x18, 0x38, 0x38, 0xe0,
    0xe0, 0xe3, 0x3, 0x83, 0x8c, 0xe, 0xe, 0x20,
    0x39, 0xf9, 0x0, 0xe1, 0xe8, 0x3, 0x87, 0x0,

    /* U+7535 "电" */
    0x1, 0xc0, 0x0, 0xe, 0x0, 0x0, 0x70, 0x1,
    0x83, 0x83, 0xf, 0xff, 0xfc, 0x70, 0xe0, 0xe3,
    0x87, 0x7, 0x1c, 0x38, 0x38, 0xe1, 0xc1, 0xc7,
    0xff, 0xfe, 0x38, 0x70, 0x71, 0xc3, 0x83, 0x8e,
    0x1c, 0x1c, 0x70, 0xe0, 0xe3, 0xff, 0xff, 0x1c,
    0x38, 0x38, 0xe1, 0xc1, 0xd6, 0xe, 0x8, 0x80,
    0x70, 0x4, 0x3, 0x80, 0x60, 0x1f, 0xff, 0x80,
    0xff, 0xfc, 0x3, 0xff, 0xc0,

    /* U+77E9 "矩" */
    0x20, 0x0, 0x0, 0x3c, 0x0, 0xc, 0x38, 0x18,
    0xe, 0x38, 0x9f, 0xfe, 0x31, 0xdc, 0x0, 0x7f,
    0xfc, 0x0, 0x6e, 0x1c, 0x0, 0x6e, 0x1c, 0x0,
    0x4e, 0x1c, 0x8, 0x8e, 0x1f, 0xfc, 0xe, 0x9c,
    0x1c, 0xe, 0xdc, 0x1c, 0xff, 0xfc, 0x1c, 0xe,
    0x1c, 0x1c, 0xe, 0x1c, 0x1c, 0xe, 0x1f, 0xfc,
    0xf, 0x1c, 0x1c, 0xd, 0x9c, 0x0, 0x1d, 0xdc,
    0x0, 0x18, 0xdc, 0x0, 0x38, 0xdc, 0x4, 0x30,
    0x1c, 0xe, 0x60, 0x3f, 0xff, 0xc0, 0xc, 0x0,
    0x0, 0x0, 0x0,

    /* U+7801 "码" */
    0x1, 0x0, 0x30, 0x3, 0xbf, 0xfc, 0xff, 0xc0,
    0x30, 0x18, 0x0, 0x30, 0x18, 0x1e, 0x30, 0x18,
    0x1c, 0x30, 0x38, 0x1c, 0x30, 0x38, 0x1c, 0x70,
    0x30, 0x1c, 0x70, 0x33, 0x1c, 0x70, 0x3f, 0x98,
    0x70, 0x73, 0x98, 0x7c, 0x73, 0xbf, 0xff, 0x73,
    0x98, 0xe, 0xf3, 0x80, 0xe, 0xb3, 0x80, 0xce,
    0x33, 0xff, 0xee, 0x33, 0x80, 0xe, 0x33, 0x80,
    0xe, 0x3f, 0x80, 0x1c, 0x33, 0x1, 0xfc, 0x30,
    0x0, 0x7c, 0x0, 0x0, 0x70,

    /* U+786E "确" */
    0x0, 0xc, 0x0, 0x0, 0x8f, 0x0, 0x1, 0xee,
    0x30, 0xff, 0xef, 0xf8, 0x1c, 0x1c, 0x70, 0x1c,
    0x18, 0xcc, 0x1c, 0x3f, 0xfe, 0x1c, 0x39, 0xce,
    0x38, 0x99, 0xce, 0x3f, 0xd9, 0xce, 0x39, 0xf9,
    0xce, 0x39, 0xdf, 0xfe, 0x79, 0xd9, 0xce, 0x79,
    0xd9, 0xce, 0xb9, 0xd9, 0xce, 0x39, 0xdf, 0xfe,
    0x39, 0xd9, 0xce, 0x39, 0xd9, 0xce, 0x3f, 0xd9,
    0xce, 0x39, 0xd1, 0xce, 0x39, 0xb1, 0xfe, 0x38,
    0x21, 0xce, 0x0, 0x40, 0xc,

    /* U+7A0B "程" */
    0x1, 0x0, 0x0, 0x7, 0x98, 0x18, 0xf, 0xdf,
    0xfc, 0x3f, 0x1c, 0x1e, 0xce, 0x1c, 0x1c, 0xe,
    0x1c, 0x1c, 0xe, 0x9c, 0x1c, 0xf, 0xdf, 0xfc,
    0xff, 0xfc, 0x1c, 0x1e, 0x18, 0x4, 0x1f, 0x0,
    0xe, 0x1f, 0xbf, 0xff, 0x1e, 0xc1, 0xc0, 0x3e,
    0xc1, 0xc0, 0x3e, 0xc1, 0xc8, 0x2e, 0x1, 0xdc,
    0x6e, 0x1f, 0xfe, 0x4e, 0x1, 0xc0, 0x8e, 0x1,
    0xc0, 0xe, 0x1, 0xc4, 0xe, 0x1, 0xce, 0xe,
    0x7f, 0xff, 0xe, 0x0, 0x0,

    /* U+7AEF "端" */
    0x30, 0x3, 0x80, 0x38, 0x3b, 0x9e, 0x1c, 0x33,
    0x9c, 0x1c, 0x33, 0x9c, 0x1b, 0x33, 0x9c, 0xff,
    0xb3, 0x9c, 0x0, 0x7f, 0xfc, 0x87, 0x30, 0x18,
    0x47, 0x80, 0xc, 0x67, 0x7f, 0xff, 0x66, 0x7,
    0x0, 0x76, 0x46, 0x8, 0x76, 0x7f, 0xfe, 0x74,
    0x76, 0xdc, 0x64, 0x76, 0xdc, 0x4, 0xf6, 0xdc,
    0x7, 0x76, 0xdc, 0xfc, 0x76, 0xdc, 0xf8, 0x76,
    0xdc, 0xe0, 0x76, 0xdc, 0x40, 0x76, 0xfc, 0x0,
    0x74, 0x1c, 0x0, 0x70, 0x18,

    /* U+7B52 "筒" */
    0x18, 0x4, 0x0, 0x3c, 0x9e, 0x10, 0xf3, 0xb8,
    0x71, 0xff, 0xff, 0xf3, 0x61, 0x9c, 0xc, 0x62,
    0x1c, 0x30, 0xc8, 0x38, 0x19, 0x0, 0x38, 0x3f,
    0xff, 0xfc, 0x70, 0x6, 0x70, 0xef, 0xfe, 0xe1,
    0xc0, 0x1, 0xc3, 0x98, 0x63, 0x87, 0x3f, 0xe7,
    0xe, 0x71, 0xce, 0x1c, 0xe3, 0x9c, 0x39, 0xc7,
    0x38, 0x73, 0xfe, 0x70, 0xe7, 0x1c, 0xe1, 0xce,
    0x1, 0xc3, 0x80, 0x1f, 0x87, 0x0, 0xf, 0xe,
    0x0, 0x1c, 0x0,

    /* U+7BA1 "管" */
    0x10, 0x4, 0x0, 0x3c, 0x8f, 0x10, 0xf1, 0x98,
    0x71, 0xff, 0xbf, 0xf3, 0x30, 0xcc, 0xe, 0x71,
    0x1c, 0x18, 0x48, 0x30, 0x40, 0xc, 0x0, 0x10,
    0x18, 0x18, 0x3f, 0xff, 0xf8, 0xc0, 0x0, 0x63,
    0xbf, 0xff, 0x87, 0x70, 0x1c, 0x0, 0xe0, 0x38,
    0x1, 0xc0, 0x70, 0x3, 0xff, 0xe0, 0x7, 0x1,
    0x80, 0xe, 0x0, 0xc0, 0x1f, 0xff, 0xc0, 0x38,
    0x3, 0x80, 0x70, 0x7, 0x0, 0xff, 0xfe, 0x1,
    0xc0, 0x1c, 0x3, 0x80, 0x30,

    /* U+7C7B "类" */
    0x0, 0x3c, 0x0, 0xc, 0x38, 0xe0, 0x7, 0x38,
    0xf0, 0x7, 0x39, 0xc0, 0x3, 0x39, 0x88, 0x0,
    0x3a, 0x1c, 0xff, 0xff, 0xfe, 0x0, 0xfc, 0x0,
    0x1, 0xfb, 0xc0, 0x3, 0xb9, 0xf0, 0x7, 0x38,
    0x78, 0x1c, 0x38, 0x38, 0x30, 0x40, 0x18, 0xc0,
    0x78, 0x8, 0x0, 0x70, 0x1c, 0xff, 0xff, 0xfe,
    0x0, 0x78, 0x0, 0x0, 0x74, 0x0, 0x0, 0xe7,
    0x0, 0x1, 0xe3, 0xc0, 0x3, 0x81, 0xfe, 0xf,
    0x0, 0xfc, 0x38, 0x0, 0x3c, 0xc0, 0x0, 0x0,

    /* U+7CFB "系" */
    0x0, 0x0, 0x60, 0x0, 0x7, 0xf0, 0x0, 0xff,
    0xf8, 0x3f, 0xfe, 0x0, 0x0, 0xf8, 0x0, 0x1,
    0xe0, 0x80, 0x7, 0x81, 0xc0, 0x1c, 0x3, 0xf0,
    0x1f, 0xff, 0x80, 0xf, 0x3e, 0x0, 0x0, 0xf1,
    0x80, 0x3, 0xc0, 0xf0, 0xe, 0x0, 0x78, 0x3f,
    0xff, 0xbc, 0x3f, 0xf8, 0x1c, 0x18, 0x38, 0xc,
    0x6, 0x3a, 0x0, 0x7, 0x39, 0xc0, 0xe, 0x38,
    0xf0, 0x1c, 0x38, 0x78, 0x38, 0x38, 0x38, 0x70,
    0xf8, 0x1c, 0xc0, 0x78, 0x1c, 0x0, 0x70, 0x0,
    0x0, 0x0, 0x0,

    /* U+7EBF "线" */
    0x4, 0x7, 0x80, 0x7, 0x83, 0xb8, 0x3, 0x81,
    0xce, 0x3, 0x80, 0xe7, 0x1, 0xc0, 0x71, 0x81,
    0xce, 0x38, 0xf0, 0xc7, 0x9f, 0xf8, 0xff, 0x7e,
    0x0, 0x7f, 0x87, 0x4, 0x3b, 0x81, 0xc3, 0x3,
    0x0, 0xe3, 0xc3, 0x1, 0xfe, 0x3, 0x3, 0x39,
    0xc3, 0xfe, 0xe, 0xf1, 0xf8, 0x7, 0xf0, 0xf0,
    0x3, 0xf0, 0x0, 0x20, 0xf0, 0x1, 0xe0, 0xf8,
    0x9f, 0xc0, 0xfe, 0x4f, 0x81, 0xe7, 0xe3, 0x1,
    0xc3, 0xf1, 0x3, 0x0, 0x7c, 0x6, 0x0, 0x1e,
    0x0, 0x0, 0x0,

    /* U+7F06 "缆" */
    0x0, 0x4, 0x0, 0x1e, 0x46, 0x70, 0x1c, 0x76,
    0x64, 0x18, 0x66, 0xe6, 0x38, 0x66, 0xff, 0x30,
    0x66, 0xc0, 0x67, 0x66, 0xf0, 0x47, 0xe6, 0xb8,
    0xfe, 0x67, 0x1c, 0x7e, 0x6, 0x8, 0x5c, 0x60,
    0x30, 0x18, 0x7f, 0xf8, 0x30, 0x70, 0x38, 0x60,
    0x73, 0x38, 0xff, 0x73, 0x38, 0x78, 0x73, 0xb8,
    0x60, 0x73, 0xb8, 0x0, 0x77, 0xb8, 0x7, 0xf7,
    0xba, 0x7c, 0xf, 0x82, 0x78, 0x1d, 0x82, 0x60,
    0x31, 0xfe, 0x0, 0xc1, 0xfe, 0x3, 0x0, 0x0,

    /* U+8109 "脉" */
    0x20, 0x87, 0x80, 0x1f, 0xe0, 0xf0, 0xe, 0x70,
    0x3c, 0x7, 0x38, 0x6, 0x3, 0x9c, 0x18, 0x1,
    0xce, 0xff, 0x0, 0xe7, 0x7, 0x18, 0x7f, 0x83,
    0x8e, 0x39, 0xc9, 0xe7, 0x9c, 0xff, 0xf7, 0xe,
    0x73, 0xfa, 0x7, 0x39, 0xba, 0x3, 0x9d, 0xdd,
    0x1, 0xfe, 0xee, 0xc0, 0xe7, 0x77, 0x70, 0x73,
    0xb3, 0x9c, 0x31, 0xd9, 0xcf, 0x18, 0xf8, 0xe3,
    0xcc, 0x78, 0x71, 0xcc, 0x38, 0x38, 0x46, 0x7d,
    0xfc, 0x2, 0x1e, 0x3e, 0x1, 0xe, 0xe, 0x0,

    /* U+81EA "自" */
    0x0, 0x0, 0x1, 0xe0, 0x0, 0xe0, 0x0, 0x60,
    0xc, 0x20, 0x67, 0xff, 0xff, 0x80, 0x1d, 0xc0,
    0xe, 0xe0, 0x7, 0x70, 0x3, 0xbf, 0xff, 0xdc,
    0x0, 0xee, 0x0, 0x77, 0x0, 0x3b, 0x80, 0x1d,
    0xc0, 0xe, 0xff, 0xff, 0x70, 0x3, 0xb8, 0x1,
    0xdc, 0x0, 0xee, 0x0, 0x77, 0xff, 0xfb, 0x80,
    0x1d, 0x80, 0xc,

    /* U+884C "行" */
    0x3, 0x0, 0x8, 0x7, 0xc0, 0xc, 0xf, 0x1f,
    0xfe, 0xe, 0x0, 0x0, 0x18, 0x0, 0x0, 0x33,
    0x0, 0x0, 0x43, 0xc0, 0x4, 0x7, 0x80, 0xe,
    0x7, 0x7f, 0xff, 0xe, 0x0, 0x70, 0x1e, 0x0,
    0x70, 0x3e, 0x0, 0x70, 0x3e, 0x0, 0x70, 0x4e,
    0x0, 0x70, 0x8e, 0x0, 0x70, 0xe, 0x0, 0x70,
    0xe, 0x0, 0x70, 0xe, 0x0, 0x70, 0xe, 0x0,
    0x70, 0xe, 0x0, 0x70, 0xe, 0x7, 0xf0, 0xe,
    0x1, 0xf0, 0xe, 0x0, 0xe0,

    /* U+8865 "补" */
    0xc, 0x3, 0xc0, 0x3, 0xc0, 0xe0, 0x0, 0x70,
    0x38, 0x0, 0x1d, 0xe, 0x0, 0x0, 0xc3, 0x80,
    0x1f, 0xf8, 0xe0, 0x0, 0xf, 0x38, 0x0, 0x7,
    0xe, 0x0, 0x1, 0xc3, 0xe0, 0x0, 0xec, 0xee,
    0x0, 0x73, 0xb9, 0xe0, 0x1f, 0x8e, 0x38, 0xf,
    0xe3, 0x8f, 0x7, 0xdc, 0xe1, 0x83, 0x73, 0xb8,
    0x1, 0x1c, 0xee, 0x0, 0x7, 0x13, 0x80, 0x1,
    0xc0, 0xe0, 0x0, 0x70, 0x38, 0x0, 0x1c, 0xe,
    0x0, 0x7, 0x3, 0x80, 0x1, 0xc0, 0xe0, 0x0,
    0x70, 0x30, 0x0,

    /* U+8986 "覆" */
    0x0, 0x0, 0x0, 0x0, 0x0, 0xe, 0x7f, 0xff,
    0xff, 0x10, 0xe3, 0x90, 0x1f, 0xff, 0xfc, 0x1c,
    0xe3, 0x9c, 0x1c, 0xe3, 0x9c, 0x1f, 0xff, 0xfc,
    0x1f, 0x1c, 0x18, 0x7, 0x1f, 0xfe, 0xe, 0x38,
    0x30, 0x1a, 0x7f, 0xf8, 0x67, 0xf8, 0x38, 0xe,
    0xbf, 0xf8, 0x1e, 0x38, 0x38, 0x3e, 0x3f, 0xf8,
    0x6e, 0x3f, 0x10, 0xe, 0x1f, 0xf8, 0xe, 0x3c,
    0x70, 0xe, 0x63, 0xe0, 0xe, 0x81, 0xff, 0xe,
    0xf, 0x7e, 0xe, 0xf8, 0xc,

    /* U+89D2 "角" */
    0x1, 0x80, 0x0, 0x7, 0x84, 0x0, 0x3c, 0x18,
    0x1, 0xff, 0xf0, 0x7, 0x3, 0x80, 0x30, 0x30,
    0xc1, 0xff, 0xff, 0x8f, 0x87, 0xe, 0x4e, 0x1c,
    0x38, 0x38, 0x70, 0xe0, 0xe1, 0xc3, 0x83, 0xff,
    0xfe, 0xe, 0x1c, 0x38, 0x38, 0x70, 0xe0, 0xe1,
    0xc3, 0x83, 0xff, 0xfe, 0xe, 0x1c, 0x38, 0x70,
    0x70, 0xe1, 0xc1, 0xc3, 0x86, 0x7, 0xe, 0x30,
    0x1c, 0xf9, 0x80, 0x71, 0xe8, 0x0, 0x6, 0x0,

    /* U+8BA4 "认" */
    0x0, 0x7, 0x0, 0x30, 0x7, 0x0, 0x1c, 0x7,
    0x0, 0x1e, 0x7, 0x0, 0xe, 0x7, 0x0, 0xe,
    0x7, 0x0, 0x8, 0x7, 0x0, 0xfc, 0x7, 0x0,
    0x1e, 0x7, 0x0, 0x1c, 0x7, 0x80, 0x1c, 0x7,
    0x80, 0x1c, 0xe, 0x80, 0x1c, 0xe, 0x80, 0x1c,
    0xe, 0xc0, 0x1c, 0xe, 0xc0, 0x1c, 0x1c, 0x60,
    0x1c, 0x9c, 0x60, 0x1f, 0x38, 0x70, 0x1e, 0x38,
    0x38, 0x3e, 0x70, 0x3c, 0x3c, 0x60, 0x1e, 0x18,
    0xc0, 0x1e, 0x1, 0x0, 0xc, 0x2, 0x0, 0x0,

    /* U+8BB0 "记" */
    0x30, 0x0, 0x0, 0x38, 0x0, 0x60, 0x3b, 0xff,
    0xe0, 0x70, 0x1, 0xc0, 0x60, 0x3, 0x80, 0x0,
    0x7, 0x2, 0x0, 0xe, 0x7e, 0x0, 0x1c, 0x1c,
    0x0, 0x38, 0x38, 0xc0, 0x70, 0x71, 0xff, 0xe0,
    0xe3, 0x81, 0xc1, 0xc7, 0x3, 0x83, 0x8e, 0x0,
    0x7, 0x1c, 0x0, 0xe, 0x38, 0x0, 0x1c, 0xf0,
    0x0, 0x3e, 0xe0, 0x8, 0x79, 0xc0, 0x11, 0xe3,
    0x80, 0x61, 0x87, 0xff, 0xe3, 0x7, 0xff, 0xc0,

    /* U+8BBE "设" */
    0x0, 0x0, 0x0, 0x70, 0x30, 0xc0, 0x38, 0x3f,
    0xf0, 0x1c, 0x38, 0xe0, 0xe, 0x38, 0xe0, 0xc,
    0x38, 0xe0, 0x8, 0x38, 0xe0, 0x1c, 0x30, 0xe0,
    0xfc, 0x70, 0xfe, 0x1c, 0x60, 0xfe, 0x1c, 0xc0,
    0x0, 0x1d, 0x0, 0x30, 0x1c, 0xff, 0xf8, 0x1c,
    0x20, 0x78, 0x1c, 0x20, 0x70, 0x1c, 0x10, 0xf0,
    0x1c, 0x10, 0xe0, 0x1c, 0xcd, 0xc0, 0x1f, 0xf,
    0x80, 0x1e, 0x7, 0x80, 0x3c, 0xf, 0xf0, 0x18,
    0x1d, 0xff, 0x18, 0x70, 0xfc, 0x1, 0x80, 0x38,

    /* U+8D26 "账" */
    0x0, 0xf, 0x0, 0x81, 0x9c, 0x1, 0xff, 0xb8,
    0xc3, 0x6, 0x71, 0xe6, 0xc, 0xe7, 0x8d, 0xf9,
    0xce, 0x1b, 0x33, 0xb0, 0x36, 0x67, 0xc0, 0x6c,
    0xce, 0x8, 0xd9, 0x9c, 0x39, 0xb3, 0xff, 0xfb,
    0x66, 0x74, 0x6, 0xcc, 0xe8, 0xd, 0x99, 0xc8,
    0x1b, 0x33, 0x90, 0x24, 0x7, 0x30, 0x1e, 0xe,
    0x60, 0x37, 0x1c, 0x60, 0x66, 0x3a, 0xe1, 0x8e,
    0x7d, 0xe2, 0x1d, 0xf1, 0xec, 0x11, 0xc1, 0x20,
    0x1, 0x0, 0x0,

    /* U+8D70 "走" */
    0x0, 0x3c, 0x0, 0x0, 0x70, 0x0, 0x0, 0xe0,
    0x80, 0x1, 0xc3, 0x81, 0xff, 0xff, 0x80, 0x7,
    0x0, 0x0, 0xe, 0x2, 0x0, 0x1c, 0xe, 0xff,
    0xff, 0xfe, 0x0, 0x70, 0x0, 0x0, 0xe0, 0x0,
    0x71, 0xc1, 0x0, 0xf3, 0x87, 0x1, 0xc7, 0xff,
    0x3, 0x8e, 0x0, 0x7, 0x1c, 0x0, 0x1e, 0x38,
    0x0, 0x3a, 0x70, 0x0, 0x66, 0xe0, 0x1, 0x87,
    0xc0, 0x6, 0x7, 0xff, 0xe8, 0x1, 0xff, 0xa0,
    0x0, 0x0, 0x0,

    /* U+8F6E "轮" */
    0x4, 0x0, 0x80, 0x3, 0x80, 0xf0, 0x3, 0x80,
    0x78, 0x1, 0xc0, 0x3c, 0x0, 0xe6, 0x39, 0x3,
    0xff, 0x9c, 0xc0, 0x70, 0xc, 0x30, 0x3f, 0xc,
    0x1c, 0x1b, 0x84, 0x7, 0x9d, 0xc7, 0xc3, 0x8e,
    0xe5, 0xc0, 0x86, 0x7c, 0xe3, 0x7, 0xff, 0x73,
    0xc1, 0x9c, 0x3b, 0xc0, 0xe, 0x1d, 0xc0, 0x7,
    0xf, 0x80, 0x3, 0xf7, 0x0, 0x1f, 0xe3, 0x80,
    0x1f, 0xe1, 0xc0, 0x87, 0x70, 0xe0, 0x42, 0x38,
    0x70, 0x20, 0x1c, 0x3f, 0xf8, 0xe, 0xf, 0xfc,
    0x7, 0x0, 0x0,

    /* U+8FDE "连" */
    0x40, 0xc, 0x0, 0x38, 0x1e, 0x0, 0x1c, 0x1c,
    0x8, 0x1c, 0x1c, 0x1c, 0xf, 0xff, 0xfe, 0xc,
    0x38, 0x0, 0x0, 0x3b, 0x0, 0x8, 0x73, 0x80,
    0x1c, 0x73, 0x90, 0xfe, 0xe3, 0x98, 0x1c, 0xff,
    0xfc, 0x1c, 0x63, 0x80, 0x1c, 0x3, 0x8c, 0x1c,
    0x3, 0x8e, 0x1d, 0xff, 0xff, 0x1c, 0x3, 0x80,
    0x1c, 0x3, 0x80, 0x1c, 0x3, 0x80, 0x1e, 0x3,
    0x80, 0x33, 0x3, 0x80, 0x71, 0xc0, 0x0, 0xe0,
    0xff, 0xfe, 0x40, 0x1f, 0xfc,

    /* U+9000 "退" */
    0x40, 0x60, 0x60, 0x60, 0xff, 0xf0, 0xe1, 0xc1,
    0xc0, 0xe3, 0x83, 0x81, 0xc7, 0x7, 0x1, 0x8f,
    0xfe, 0x0, 0x1c, 0x1c, 0x4, 0x38, 0x38, 0x1c,
    0x70, 0x71, 0xfc, 0xff, 0xe0, 0x71, 0xc1, 0xc0,
    0xe3, 0x80, 0xc1, 0xc7, 0x73, 0xe3, 0x8e, 0x3c,
    0x7, 0x1c, 0x38, 0xe, 0x39, 0xb8, 0x1c, 0xfc,
    0x78, 0x38, 0xf0, 0x70, 0xc9, 0x80, 0x63, 0xc,
    0x0, 0xe, 0xf, 0xff, 0xc8, 0x7, 0xff, 0x0,

    /* U+9009 "选" */
    0x40, 0x4, 0x0, 0xe0, 0xce, 0x0, 0xe1, 0xdc,
    0x0, 0xe3, 0xb8, 0x81, 0xc6, 0x73, 0x83, 0x8f,
    0xff, 0x80, 0x31, 0xc0, 0x4, 0x43, 0x84, 0x1c,
    0x7, 0x1d, 0xfd, 0xff, 0xfc, 0x70, 0x67, 0x0,
    0xe0, 0xce, 0x1, 0xc3, 0x9c, 0x3, 0x87, 0x38,
    0x87, 0xc, 0x71, 0xe, 0x38, 0xe2, 0x1c, 0x61,
    0xfe, 0x39, 0x3, 0xf8, 0xdc, 0x0, 0x3, 0x1e,
    0x0, 0xe, 0xf, 0xff, 0xc8, 0x7, 0xff, 0x80,

    /* U+901F "速" */
    0x40, 0x3, 0xc0, 0x1c, 0x0, 0xe2, 0x3, 0x80,
    0x39, 0xe0, 0x77, 0xff, 0xfc, 0x1c, 0x3, 0x80,
    0x7, 0x30, 0xe6, 0x0, 0xf, 0xff, 0xe0, 0x23,
    0x8e, 0x70, 0x1c, 0xe3, 0x9c, 0x3f, 0x38, 0xe7,
    0x1, 0xcf, 0xff, 0xc0, 0x73, 0x9e, 0x70, 0x1c,
    0x8f, 0x80, 0x7, 0x3, 0xfc, 0x1, 0xc1, 0xfb,
    0xc0, 0x70, 0xee, 0x78, 0x1c, 0x73, 0x8e, 0x7,
    0x30, 0xe1, 0x81, 0xc0, 0x38, 0x0, 0xc8, 0xe,
    0x0, 0x61, 0xc2, 0x0, 0x38, 0x3f, 0xff, 0x84,
    0x3, 0xff, 0xc0,

    /* U+957F "长" */
    0x7, 0x80, 0x0, 0x7, 0x0, 0xc0, 0x7, 0x1,
    0xf0, 0x7, 0x3, 0xe0, 0x7, 0x7, 0x80, 0x7,
    0x1e, 0x0, 0x7, 0x38, 0x0, 0x7, 0x60, 0x0,
    0x7, 0x80, 0x8, 0x7, 0x0, 0x1c, 0xff, 0xff,
    0xfe, 0x7, 0x10, 0x0, 0x7, 0x10, 0x0, 0x7,
    0x8, 0x0, 0x7, 0xc, 0x0, 0x7, 0x6, 0x0,
    0x7, 0x7, 0x0, 0x7, 0x3, 0x80, 0x7, 0x19,
    0xe0, 0x7, 0xf0, 0xfc, 0xf, 0xc0, 0x7e, 0x7,
    0x80, 0x18, 0x6, 0x0, 0x8, 0x0, 0x0, 0x0,

    /* U+95ED "闭" */
    0x1c, 0x0, 0x0, 0x38, 0x0, 0xc0, 0xe7, 0xff,
    0xf1, 0x80, 0xe, 0xf0, 0x1c, 0x3b, 0x80, 0x70,
    0xee, 0x1, 0xd3, 0xb8, 0x7, 0xee, 0xe7, 0xff,
    0xbb, 0x81, 0xf0, 0xee, 0x7, 0xc3, 0xb8, 0x1f,
    0xe, 0xe0, 0xfc, 0x3b, 0x83, 0x70, 0xee, 0x1d,
    0xc3, 0xb8, 0x67, 0xe, 0xe3, 0x1c, 0x3b, 0x98,
    0x70, 0xee, 0x9f, 0xc3, 0xb8, 0x1f, 0xe, 0xe0,
    0x39, 0xfb, 0x80, 0x1, 0xee, 0x0, 0x7, 0x0,

    /* U+95F4 "间" */
    0x1c, 0x0, 0x0, 0x70, 0x3, 0x3, 0xff, 0xff,
    0xee, 0x0, 0xee, 0x60, 0x7, 0x72, 0x6, 0x3b,
    0x9f, 0xf9, 0xdc, 0xe1, 0xce, 0xe7, 0xe, 0x77,
    0x38, 0x73, 0xb9, 0xc3, 0x9d, 0xcf, 0xfc, 0xee,
    0x70, 0xe7, 0x73, 0x87, 0x3b, 0x9c, 0x39, 0xdc,
    0xe1, 0xce, 0xe7, 0xfe, 0x77, 0x38, 0x73, 0xb9,
    0xc3, 0x1d, 0xc0, 0x0, 0xee, 0x0, 0x3f, 0x70,
    0x0, 0x7b, 0x0, 0x3, 0x0,

    /* U+964D "降" */
    0x0, 0x10, 0x1, 0x8c, 0x3c, 0x3, 0xfc, 0x61,
    0x87, 0x79, 0xff, 0x8e, 0xe3, 0xe, 0x1d, 0xcd,
    0x3c, 0x3b, 0x31, 0xf0, 0x74, 0x43, 0xc0, 0xf0,
    0xf, 0xff, 0xe0, 0x31, 0xfb, 0xa1, 0x88, 0xe7,
    0x6c, 0x1c, 0x8e, 0x60, 0x3b, 0x9c, 0xff, 0xff,
    0xb9, 0xc0, 0xe0, 0x73, 0xb1, 0xc0, 0xe7, 0x73,
    0x81, 0xfe, 0xe7, 0x33, 0xbb, 0xff, 0xf7, 0x61,
    0x1c, 0xe, 0x0, 0x38, 0x1c, 0x0, 0x70, 0x38,
    0x0, 0xe0, 0x70, 0x1, 0xc0,

    /* U+9650 "限" */
    0x0, 0x0, 0x1, 0x8e, 0x40, 0xc3, 0xfe, 0xff,
    0xe7, 0x3f, 0x83, 0x8e, 0x73, 0x7, 0x1c, 0xe6,
    0xe, 0x3b, 0x8c, 0x1c, 0x76, 0x1f, 0xf8, 0xe8,
    0x30, 0x71, 0xe0, 0x60, 0xe3, 0xa0, 0xc1, 0xc7,
    0x31, 0xff, 0x8e, 0x73, 0x47, 0x1c, 0x66, 0x46,
    0x38, 0xec, 0x9e, 0x71, 0xd9, 0x78, 0xe3, 0xb1,
    0xc1, 0xdf, 0x63, 0x3, 0xbc, 0xc3, 0x7, 0x71,
    0x87, 0xe, 0x7, 0xe7, 0x9c, 0xf, 0x7, 0xb8,
    0x1c, 0x6, 0x70, 0x20, 0x0,

    /* U+969C "障" */
    0x0, 0x6, 0x3, 0x18, 0x1c, 0x4f, 0xf0, 0x73,
    0xb9, 0xff, 0xff, 0xee, 0x30, 0xe3, 0xb8, 0x63,
    0x4e, 0xc1, 0x89, 0xba, 0x7f, 0xff, 0xf0, 0x40,
    0x23, 0xa1, 0xff, 0xce, 0xc6, 0x7, 0x39, 0x98,
    0x1c, 0xe7, 0x7f, 0xf3, 0x9d, 0x81, 0xce, 0x76,
    0x7, 0x39, 0xdf, 0xfc, 0xff, 0x67, 0x73, 0xb8,
    0x1c, 0x6e, 0x1f, 0xff, 0xf8, 0x1, 0xc0, 0xe0,
    0x7, 0x3, 0x80, 0x1c, 0xe, 0x0, 0x70, 0x0,

    /* U+9875 "页" */
    0x0, 0x0, 0x8, 0x0, 0x0, 0x1e, 0x7f, 0xff,
    0xff, 0x0, 0x70, 0x0, 0x0, 0x60, 0x0, 0xc,
    0x40, 0x60, 0xf, 0xff, 0xf0, 0xe, 0x0, 0x70,
    0xe, 0x0, 0x70, 0xe, 0x3c, 0x70, 0xe, 0x38,
    0x70, 0xe, 0x38, 0x70, 0xe, 0x38, 0x70, 0xe,
    0x38, 0x70, 0xe, 0x38, 0x70, 0xe, 0x38, 0x70,
    0xe, 0x70, 0x70, 0xe, 0x70, 0x60, 0x0, 0x7f,
    0x80, 0x0, 0xe1, 0xf0, 0x1, 0xc0, 0x7c, 0x7,
    0x0, 0x3e, 0x1c, 0x0, 0x1e, 0xe0, 0x0, 0x4,

    /* U+9876 "顶" */
    0x0, 0x0, 0x0, 0x0, 0x20, 0x3, 0x80, 0x1f,
    0xff, 0xf3, 0xff, 0x8e, 0x0, 0xe, 0x3, 0x80,
    0x3, 0x80, 0xc0, 0x0, 0xe3, 0x21, 0x80, 0x38,
    0xff, 0xf0, 0xe, 0x38, 0x1c, 0x3, 0x8e, 0x77,
    0x0, 0xe3, 0x9d, 0xc0, 0x38, 0xe7, 0x70, 0xe,
    0x39, 0xdc, 0x3, 0x8e, 0x77, 0x0, 0xe3, 0x9d,
    0xc0, 0x38, 0xe7, 0x70, 0xe, 0x39, 0xdc, 0x3,
    0x8e, 0xe7, 0x0, 0xe3, 0xbd, 0x0, 0x38, 0x1c,
    0xe0, 0xe, 0x6, 0x1e, 0xf, 0x83, 0x3, 0xc1,
    0xe3, 0x80, 0x70, 0x73, 0x0, 0x1c, 0x0, 0x0,
    0x0, 0x0,

    /* U+FF01 "！" */
    0x6f, 0xff, 0xff, 0xf6, 0x66, 0x66, 0x40, 0x6,
    0xff, 0x60,

    /* U+FF08 "（" */
    0x6, 0x18, 0x61, 0x83, 0xc, 0x18, 0x20, 0xc1,
    0x83, 0x6, 0xc, 0x18, 0x30, 0x20, 0x60, 0xc0,
    0xc1, 0x81, 0x81, 0x80, 0x80,

    /* U+FF09 "）" */
    0xc0, 0xc0, 0xc0, 0xc1, 0x81, 0x83, 0x2, 0x6,
    0xc, 0x18, 0x30, 0x60, 0xc1, 0x82, 0xc, 0x18,
    0x60, 0xc3, 0xc, 0x30, 0x0,

    /* U+FF1A "：" */
    0x6f, 0xf6, 0x0, 0x0, 0x6, 0xff, 0x60,

    /* U+FFE5 "￥" */
    0xff, 0x1f, 0x9e, 0x3, 0x7, 0x1, 0x3, 0xc0,
    0x80, 0xe0, 0x80, 0x78, 0x40, 0x1c, 0x40, 0xe,
    0x20, 0x3, 0xa0, 0x1, 0xd0, 0xf, 0xff, 0x80,
    0x38, 0x0, 0x1c, 0x0, 0xe, 0x0, 0xff, 0xf8,
    0x3, 0x80, 0x1, 0xc0, 0x0, 0xe0, 0x3, 0xfe,
    0x0
};


/*---------------------
 *  GLYPH DESCRIPTION
 *--------------------*/

static const lv_font_fmt_txt_glyph_dsc_t glyph_dsc[] = {
    {.bitmap_index = 0, .adv_w = 0, .box_w = 0, .box_h = 0, .ofs_x = 0, .ofs_y = 0} /* id = 0 reserved */,
    {.bitmap_index = 0, .adv_w = 100, .box_w = 1, .box_h = 1, .ofs_x = 0, .ofs_y = 0},
    {.bitmap_index = 1, .adv_w = 141, .box_w = 4, .box_h = 19, .ofs_x = 2, .ofs_y = 0},
    {.bitmap_index = 11, .adv_w = 176, .box_w = 9, .box_h = 9, .ofs_x = 1, .ofs_y = 12},
    {.bitmap_index = 22, .adv_w = 244, .box_w = 14, .box_h = 19, .ofs_x = 1, .ofs_y = 0},
    {.bitmap_index = 56, .adv_w = 234, .box_w = 12, .box_h = 24, .ofs_x = 2, .ofs_y = -3},
    {.bitmap_index = 92, .adv_w = 388, .box_w = 21, .box_h = 19, .ofs_x = 2, .ofs_y = 0},
    {.bitmap_index = 142, .adv_w = 321, .box_w = 18, .box_h = 19, .ofs_x = 1, .ofs_y = 0},
    {.bitmap_index = 185, .adv_w = 92, .box_w = 4, .box_h = 9, .ofs_x = 1, .ofs_y = 12},
    {.bitmap_index = 190, .adv_w = 159, .box_w = 7, .box_h = 26, .ofs_x = 2, .ofs_y = -5},
    {.bitmap_index = 213, .adv_w = 159, .box_w = 7, .box_h = 26, .ofs_x = 1, .ofs_y = -5},
    {.bitmap_index = 236, .adv_w = 195, .box_w = 11, .box_h = 11, .ofs_x = 1, .ofs_y = 10},
    {.bitmap_index = 252, .adv_w = 241, .box_w = 13, .box_h = 15, .ofs_x = 1, .ofs_y = 2},
    {.bitmap_index = 277, .adv_w = 134, .box_w = 5, .box_h = 10, .ofs_x = 1, .ofs_y = -6},
    {.bitmap_index = 284, .adv_w = 146, .box_w = 7, .box_h = 1, .ofs_x = 1, .ofs_y = 7},
    {.bitmap_index = 285, .adv_w = 134, .box_w = 4, .box_h = 4, .ofs_x = 2, .ofs_y = 0},
    {.bitmap_index = 287, .adv_w = 159, .box_w = 10, .box_h = 25, .ofs_x = 0, .ofs_y = -5},
    {.bitmap_index = 319, .adv_w = 234, .box_w = 12, .box_h = 19, .ofs_x = 1, .ofs_y = 0},
    {.bitmap_index = 348, .adv_w = 234, .box_w = 11, .box_h = 19, .ofs_x = 2, .ofs_y = 0},
    {.bitmap_index = 375, .adv_w = 234, .box_w = 12, .box_h = 19, .ofs_x = 1, .ofs_y = 0},
    {.bitmap_index = 404, .adv_w = 234, .box_w = 13, .box_h = 19, .ofs_x = 1, .ofs_y = 0},
    {.bitmap_index = 435, .adv_w = 234, .box_w = 13, .box_h = 19, .ofs_x = 1, .ofs_y = 0},
    {.bitmap_index = 466, .adv_w = 234, .box_w = 13, .box_h = 19, .ofs_x = 1, .ofs_y = 0},
    {.bitmap_index = 497, .adv_w = 234, .box_w = 13, .box_h = 20, .ofs_x = 1, .ofs_y = 0},
    {.bitmap_index = 530, .adv_w = 234, .box_w = 12, .box_h = 19, .ofs_x = 1, .ofs_y = 0},
    {.bitmap_index = 559, .adv_w = 234, .box_w = 12, .box_h = 19, .ofs_x = 1, .ofs_y = 0},
    {.bitmap_index = 588, .adv_w = 234, .box_w = 13, .box_h = 20, .ofs_x = 1, .ofs_y = -1},
    {.bitmap_index = 621, .adv_w = 134, .box_w = 4, .box_h = 14, .ofs_x = 2, .ofs_y = 0},
    {.bitmap_index = 628, .adv_w = 134, .box_w = 5, .box_h = 20, .ofs_x = 1, .ofs_y = -6},
    {.bitmap_index = 641, .adv_w = 241, .box_w = 12, .box_h = 14, .ofs_x = 1, .ofs_y = 2},
    {.bitmap_index = 662, .adv_w = 241, .box_w = 13, .box_h = 7, .ofs_x = 1, .ofs_y = 6},
    {.bitmap_index = 674, .adv_w = 241, .box_w = 12, .box_h = 14, .ofs_x = 2, .ofs_y = 2},
    {.bitmap_index = 695, .adv_w = 190, .box_w = 8, .box_h = 20, .ofs_x = 2, .ofs_y = 0},
    {.bitmap_index = 715, .adv_w = 386, .box_w = 22, .box_h = 23, .ofs_x = 1, .ofs_y = -4},
    {.bitmap_index = 779, .adv_w = 298, .box_w = 18, .box_h = 19, .ofs_x = 1, .ofs_y = 0},
    {.bitmap_index = 822, .adv_w = 284, .box_w = 16, .box_h = 19, .ofs_x = 1, .ofs_y = 0},
    {.bitmap_index = 860, .adv_w = 280, .box_w = 15, .box_h = 19, .ofs_x = 1, .ofs_y = 0},
    {.bitmap_index = 896, .adv_w = 316, .box_w = 18, .box_h = 19, .ofs_x = 1, .ofs_y = 0},
    {.bitmap_index = 939, .adv_w = 267, .box_w = 15, .box_h = 19, .ofs_x = 1, .ofs_y = 0},
    {.bitmap_index = 975, .adv_w = 259, .box_w = 14, .box_h = 19, .ofs_x = 1, .ofs_y = 0},
    {.bitmap_index = 1009, .adv_w = 303, .box_w = 17, .box_h = 19, .ofs_x = 1, .ofs_y = 0},
    {.bitmap_index = 1050, .adv_w = 347, .box_w = 19, .box_h = 19, .ofs_x = 1, .ofs_y = 0},
    {.bitmap_index = 1096, .adv_w = 169, .box_w = 8, .box_h = 19, .ofs_x = 1, .ofs_y = 0},
    {.bitmap_index = 1115, .adv_w = 171, .box_w = 12, .box_h = 23, .ofs_x = -2, .ofs_y = -4},
    {.bitmap_index = 1150, .adv_w = 306, .box_w = 18, .box_h = 19, .ofs_x = 1, .ofs_y = 0},
    {.bitmap_index = 1193, .adv_w = 259, .box_w = 14, .box_h = 19, .ofs_x = 1, .ofs_y = 0},
    {.bitmap_index = 1227, .adv_w = 401, .box_w = 23, .box_h = 19, .ofs_x = 1, .ofs_y = 0},
    {.bitmap_index = 1282, .adv_w = 326, .box_w = 19, .box_h = 19, .ofs_x = 1, .ofs_y = 0},
    {.bitmap_index = 1328, .adv_w = 314, .box_w = 17, .box_h = 19, .ofs_x = 1, .ofs_y = 0},
    {.bitmap_index = 1369, .adv_w = 268, .box_w = 15, .box_h = 19, .ofs_x = 1, .ofs_y = 0},
    {.bitmap_index = 1405, .adv_w = 314, .box_w = 17, .box_h = 25, .ofs_x = 1, .ofs_y = -6},
    {.bitmap_index = 1459, .adv_w = 299, .box_w = 18, .box_h = 19, .ofs_x = 1, .ofs_y = 0},
    {.bitmap_index = 1502, .adv_w = 237, .box_w = 12, .box_h = 19, .ofs_x = 1, .ofs_y = 0},
    {.bitmap_index = 1531, .adv_w = 277, .box_w = 16, .box_h = 19, .ofs_x = 1, .ofs_y = 0},
    {.bitmap_index = 1569, .adv_w = 327, .box_w = 19, .box_h = 19, .ofs_x = 1, .ofs_y = 0},
    {.bitmap_index = 1615, .adv_w = 295, .box_w = 18, .box_h = 19, .ofs_x = 1, .ofs_y = 0},
    {.bitmap_index = 1658, .adv_w = 435, .box_w = 27, .box_h = 19, .ofs_x = 1, .ofs_y = 0},
    {.bitmap_index = 1723, .adv_w = 290, .box_w = 17, .box_h = 19, .ofs_x = 1, .ofs_y = 0},
    {.bitmap_index = 1764, .adv_w = 280, .box_w = 17, .box_h = 19, .ofs_x = 1, .ofs_y = 0},
    {.bitmap_index = 1805, .adv_w = 250, .box_w = 14, .box_h = 19, .ofs_x = 1, .ofs_y = 0},
    {.bitmap_index = 1839, .adv_w = 148, .box_w = 6, .box_h = 25, .ofs_x = 3, .ofs_y = -4},
    {.bitmap_index = 1858, .adv_w = 159, .box_w = 10, .box_h = 25, .ofs_x = 0, .ofs_y = -5},
    {.bitmap_index = 1890, .adv_w = 148, .box_w = 6, .box_h = 25, .ofs_x = 1, .ofs_y = -4},
    {.bitmap_index = 1909, .adv_w = 241, .box_w = 11, .box_h = 8, .ofs_x = 2, .ofs_y = 6},
    {.bitmap_index = 1920, .adv_w = 236, .box_w = 13, .box_h = 1, .ofs_x = 1, .ofs_y = -2},
    {.bitmap_index = 1922, .adv_w = 233, .box_w = 13, .box_h = 14, .ofs_x = 1, .ofs_y = 0},
    {.bitmap_index = 1945, .adv_w = 267, .box_w = 15, .box_h = 21, .ofs_x = 1, .ofs_y = 0},
    {.bitmap_index = 1985, .adv_w = 225, .box_w = 13, .box_h = 14, .ofs_x = 1, .ofs_y = 0},
    {.bitmap_index = 2008, .adv_w = 261, .box_w = 15, .box_h = 21, .ofs_x = 1, .ofs_y = 0},
    {.bitmap_index = 2048, .adv_w = 229, .box_w = 12, .box_h = 14, .ofs_x = 1, .ofs_y = 0},
    {.bitmap_index = 2069, .adv_w = 160, .box_w = 12, .box_h = 21, .ofs_x = 1, .ofs_y = 0},
    {.bitmap_index = 2101, .adv_w = 237, .box_w = 14, .box_h = 21, .ofs_x = 1, .ofs_y = -7},
    {.bitmap_index = 2138, .adv_w = 274, .box_w = 16, .box_h = 21, .ofs_x = 1, .ofs_y = 0},
    {.bitmap_index = 2180, .adv_w = 138, .box_w = 7, .box_h = 21, .ofs_x = 0, .ofs_y = 0},
    {.bitmap_index = 2199, .adv_w = 132, .box_w = 9, .box_h = 28, .ofs_x = -3, .ofs_y = -7},
    {.bitmap_index = 2231, .adv_w = 258, .box_w = 15, .box_h = 21, .ofs_x = 1, .ofs_y = 0},
    {.bitmap_index = 2271, .adv_w = 140, .box_w = 8, .box_h = 21, .ofs_x = 1, .ofs_y = 0},
    {.bitmap_index = 2292, .adv_w = 403, .box_w = 24, .box_h = 14, .ofs_x = 1, .ofs_y = 0},
    {.bitmap_index = 2334, .adv_w = 273, .box_w = 16, .box_h = 14, .ofs_x = 1, .ofs_y = 0},
    {.bitmap_index = 2362, .adv_w = 248, .box_w = 14, .box_h = 14, .ofs_x = 1, .ofs_y = 0},
    {.bitmap_index = 2387, .adv_w = 267, .box_w = 15, .box_h = 22, .ofs_x = 1, .ofs_y = -7},
    {.bitmap_index = 2429, .adv_w = 255, .box_w = 15, .box_h = 21, .ofs_x = 1, .ofs_y = -7},
    {.bitmap_index = 2469, .adv_w = 199, .box_w = 12, .box_h = 14, .ofs_x = 1, .ofs_y = 0},
    {.bitmap_index = 2490, .adv_w = 199, .box_w = 10, .box_h = 14, .ofs_x = 1, .ofs_y = 0},
    {.bitmap_index = 2508, .adv_w = 154, .box_w = 9, .box_h = 18, .ofs_x = 0, .ofs_y = 0},
    {.bitmap_index = 2529, .adv_w = 269, .box_w = 16, .box_h = 14, .ofs_x = 0, .ofs_y = 0},
    {.bitmap_index = 2557, .adv_w = 230, .box_w = 14, .box_h = 14, .ofs_x = 0, .ofs_y = 0},
    {.bitmap_index = 2582, .adv_w = 348, .box_w = 22, .box_h = 14, .ofs_x = 0, .ofs_y = 0},
    {.bitmap_index = 2621, .adv_w = 240, .box_w = 15, .box_h = 14, .ofs_x = 0, .ofs_y = 0},
    {.bitmap_index = 2648, .adv_w = 233, .box_w = 15, .box_h = 21, .ofs_x = 0, .ofs_y = -7},
    {.bitmap_index = 2688, .adv_w = 206, .box_w = 11, .box_h = 14, .ofs_x = 1, .ofs_y = 0},
    {.bitmap_index = 2708, .adv_w = 152, .box_w = 8, .box_h = 25, .ofs_x = 1, .ofs_y = -4},
    {.bitmap_index = 2733, .adv_w = 117, .box_w = 2, .box_h = 29, .ofs_x = 3, .ofs_y = -7},
    {.bitmap_index = 2741, .adv_w = 152, .box_w = 8, .box_h = 25, .ofs_x = 0, .ofs_y = -4},
    {.bitmap_index = 2766, .adv_w = 241, .box_w = 12, .box_h = 4, .ofs_x = 1, .ofs_y = 8},
    {.bitmap_index = 2772, .adv_w = 144, .box_w = 7, .box_h = 7, .ofs_x = 1, .ofs_y = 12},
    {.bitmap_index = 2779, .adv_w = 134, .box_w = 4, .box_h = 4, .ofs_x = 2, .ofs_y = 7},
    {.bitmap_index = 2781, .adv_w = 400, .box_w = 19, .box_h = 3, .ofs_x = 3, .ofs_y = 8},
    {.bitmap_index = 2789, .adv_w = 400, .box_w = 23, .box_h = 4, .ofs_x = 1, .ofs_y = 10},
    {.bitmap_index = 2801, .adv_w = 400, .box_w = 23, .box_h = 22, .ofs_x = 1, .ofs_y = -1},
    {.bitmap_index = 2865, .adv_w = 400, .box_w = 25, .box_h = 23, .ofs_x = 0, .ofs_y = -2},
    {.bitmap_index = 2937, .adv_w = 400, .box_w = 23, .box_h = 22, .ofs_x = 1, .ofs_y = -1},
    {.bitmap_index = 3001, .adv_w = 400, .box_w = 23, .box_h = 22, .ofs_x = 1, .ofs_y = -1},
    {.bitmap_index = 3065, .adv_w = 400, .box_w = 24, .box_h = 24, .ofs_x = 1, .ofs_y = -2},
    {.bitmap_index = 3137, .adv_w = 400, .box_w = 24, .box_h = 24, .ofs_x = 0, .ofs_y = -2},
    {.bitmap_index = 3209, .adv_w = 400, .box_w = 24, .box_h = 23, .ofs_x = 1, .ofs_y = -2},
    {.bitmap_index = 3278, .adv_w = 400, .box_w = 24, .box_h = 23, .ofs_x = 1, .ofs_y = -2},
    {.bitmap_index = 3347, .adv_w = 400, .box_w = 24, .box_h = 23, .ofs_x = 0, .ofs_y = -2},
    {.bitmap_index = 3416, .adv_w = 400, .box_w = 25, .box_h = 24, .ofs_x = 0, .ofs_y = -2},
    {.bitmap_index = 3491, .adv_w = 400, .box_w = 25, .box_h = 23, .ofs_x = 0, .ofs_y = -2},
    {.bitmap_index = 3563, .adv_w = 400, .box_w = 26, .box_h = 25, .ofs_x = 1, .ofs_y = -4},
    {.bitmap_index = 3645, .adv_w = 400, .box_w = 28, .box_h = 25, .ofs_x = 0, .ofs_y = -4},
    {.bitmap_index = 3733, .adv_w = 400, .box_w = 21, .box_h = 24, .ofs_x = 2, .ofs_y = -2},
    {.bitmap_index = 3796, .adv_w = 400, .box_w = 23, .box_h = 23, .ofs_x = 1, .ofs_y = -2},
    {.bitmap_index = 3863, .adv_w = 400, .box_w = 23, .box_h = 23, .ofs_x = 1, .ofs_y = -2},
    {.bitmap_index = 3930, .adv_w = 400, .box_w = 24, .box_h = 23, .ofs_x = 1, .ofs_y = -2},
    {.bitmap_index = 3999, .adv_w = 400, .box_w = 22, .box_h = 23, .ofs_x = 1, .ofs_y = -2},
    {.bitmap_index = 4063, .adv_w = 400, .box_w = 24, .box_h = 23, .ofs_x = 1, .ofs_y = -2},
    {.bitmap_index = 4132, .adv_w = 400, .box_w = 23, .box_h = 24, .ofs_x = 1, .ofs_y = -2},
    {.bitmap_index = 4201, .adv_w = 400, .box_w = 23, .box_h = 24, .ofs_x = 1, .ofs_y = -2},
    {.bitmap_index = 4270, .adv_w = 400, .box_w = 24, .box_h = 24, .ofs_x = 0, .ofs_y = -3},
    {.bitmap_index = 4342, .adv_w = 400, .box_w = 23, .box_h = 24, .ofs_x = 1, .ofs_y = -3},
    {.bitmap_index = 4411, .adv_w = 400, .box_w = 25, .box_h = 24, .ofs_x = 1, .ofs_y = -3},
    {.bitmap_index = 4486, .adv_w = 400, .box_w = 23, .box_h = 24, .ofs_x = 1, .ofs_y = -2},
    {.bitmap_index = 4555, .adv_w = 400, .box_w = 24, .box_h = 23, .ofs_x = 0, .ofs_y = -2},
    {.bitmap_index = 4624, .adv_w = 400, .box_w = 25, .box_h = 23, .ofs_x = 0, .ofs_y = -2},
    {.bitmap_index = 4696, .adv_w = 400, .box_w = 26, .box_h = 24, .ofs_x = 0, .ofs_y = -3},
    {.bitmap_index = 4774, .adv_w = 400, .box_w = 19, .box_h = 20, .ofs_x = 4, .ofs_y = -1},
    {.bitmap_index = 4822, .adv_w = 400, .box_w = 24, .box_h = 24, .ofs_x = 1, .ofs_y = -2},
    {.bitmap_index = 4894, .adv_w = 400, .box_w = 23, .box_h = 24, .ofs_x = 1, .ofs_y = -2},
    {.bitmap_index = 4963, .adv_w = 400, .box_w = 23, .box_h = 24, .ofs_x = 1, .ofs_y = -2},
    {.bitmap_index = 5032, .adv_w = 400, .box_w = 24, .box_h = 23, .ofs_x = 1, .ofs_y = -2},
    {.bitmap_index = 5101, .adv_w = 400, .box_w = 26, .box_h = 25, .ofs_x = 2, .ofs_y = -4},
    {.bitmap_index = 5183, .adv_w = 400, .box_w = 23, .box_h = 25, .ofs_x = 2, .ofs_y = -3},
    {.bitmap_index = 5255, .adv_w = 400, .box_w = 22, .box_h = 24, .ofs_x = 2, .ofs_y = -2},
    {.bitmap_index = 5321, .adv_w = 400, .box_w = 23, .box_h = 23, .ofs_x = 1, .ofs_y = -2},
    {.bitmap_index = 5388, .adv_w = 400, .box_w = 24, .box_h = 23, .ofs_x = 0, .ofs_y = -1},
    {.bitmap_index = 5457, .adv_w = 400, .box_w = 24, .box_h = 22, .ofs_x = 0, .ofs_y = -1},
    {.bitmap_index = 5523, .adv_w = 400, .box_w = 23, .box_h = 23, .ofs_x = 1, .ofs_y = -2},
    {.bitmap_index = 5590, .adv_w = 400, .box_w = 24, .box_h = 23, .ofs_x = 1, .ofs_y = -2},
    {.bitmap_index = 5659, .adv_w = 400, .box_w = 26, .box_h = 24, .ofs_x = 1, .ofs_y = -3},
    {.bitmap_index = 5737, .adv_w = 400, .box_w = 24, .box_h = 23, .ofs_x = 1, .ofs_y = -2},
    {.bitmap_index = 5806, .adv_w = 400, .box_w = 23, .box_h = 23, .ofs_x = 1, .ofs_y = -2},
    {.bitmap_index = 5873, .adv_w = 400, .box_w = 23, .box_h = 24, .ofs_x = 1, .ofs_y = -3},
    {.bitmap_index = 5942, .adv_w = 400, .box_w = 25, .box_h = 23, .ofs_x = 1, .ofs_y = -2},
    {.bitmap_index = 6014, .adv_w = 400, .box_w = 23, .box_h = 24, .ofs_x = 1, .ofs_y = -3},
    {.bitmap_index = 6083, .adv_w = 400, .box_w = 26, .box_h = 23, .ofs_x = 1, .ofs_y = -2},
    {.bitmap_index = 6158, .adv_w = 400, .box_w = 23, .box_h = 19, .ofs_x = 1, .ofs_y = 0},
    {.bitmap_index = 6213, .adv_w = 400, .box_w = 23, .box_h = 23, .ofs_x = 1, .ofs_y = -1},
    {.bitmap_index = 6280, .adv_w = 400, .box_w = 24, .box_h = 23, .ofs_x = 1, .ofs_y = -2},
    {.bitmap_index = 6349, .adv_w = 400, .box_w = 24, .box_h = 24, .ofs_x = 1, .ofs_y = -3},
    {.bitmap_index = 6421, .adv_w = 400, .box_w = 23, .box_h = 23, .ofs_x = 1, .ofs_y = -2},
    {.bitmap_index = 6488, .adv_w = 400, .box_w = 23, .box_h = 25, .ofs_x = 1, .ofs_y = -3},
    {.bitmap_index = 6560, .adv_w = 400, .box_w = 24, .box_h = 24, .ofs_x = 1, .ofs_y = -2},
    {.bitmap_index = 6632, .adv_w = 400, .box_w = 21, .box_h = 23, .ofs_x = 2, .ofs_y = -2},
    {.bitmap_index = 6693, .adv_w = 400, .box_w = 23, .box_h = 24, .ofs_x = 1, .ofs_y = -3},
    {.bitmap_index = 6762, .adv_w = 400, .box_w = 24, .box_h = 23, .ofs_x = 1, .ofs_y = -2},
    {.bitmap_index = 6831, .adv_w = 400, .box_w = 25, .box_h = 23, .ofs_x = 0, .ofs_y = -2},
    {.bitmap_index = 6903, .adv_w = 400, .box_w = 25, .box_h = 23, .ofs_x = 0, .ofs_y = -2},
    {.bitmap_index = 6975, .adv_w = 400, .box_w = 22, .box_h = 24, .ofs_x = 1, .ofs_y = -3},
    {.bitmap_index = 7041, .adv_w = 400, .box_w = 23, .box_h = 23, .ofs_x = 1, .ofs_y = -2},
    {.bitmap_index = 7108, .adv_w = 400, .box_w = 24, .box_h = 24, .ofs_x = 1, .ofs_y = -2},
    {.bitmap_index = 7180, .adv_w = 400, .box_w = 25, .box_h = 24, .ofs_x = 1, .ofs_y = -3},
    {.bitmap_index = 7255, .adv_w = 400, .box_w = 25, .box_h = 23, .ofs_x = 0, .ofs_y = -2},
    {.bitmap_index = 7327, .adv_w = 400, .box_w = 24, .box_h = 24, .ofs_x = 1, .ofs_y = -2},
    {.bitmap_index = 7399, .adv_w = 400, .box_w = 24, .box_h = 24, .ofs_x = 1, .ofs_y = -2},
    {.bitmap_index = 7471, .adv_w = 400, .box_w = 24, .box_h = 24, .ofs_x = 1, .ofs_y = -2},
    {.bitmap_index = 7543, .adv_w = 400, .box_w = 25, .box_h = 24, .ofs_x = 0, .ofs_y = -2},
    {.bitmap_index = 7618, .adv_w = 400, .box_w = 24, .box_h = 24, .ofs_x = 0, .ofs_y = -2},
    {.bitmap_index = 7690, .adv_w = 400, .box_w = 17, .box_h = 23, .ofs_x = 5, .ofs_y = -2},
    {.bitmap_index = 7739, .adv_w = 400, .box_w = 23, .box_h = 23, .ofs_x = 2, .ofs_y = -2},
    {.bitmap_index = 7806, .adv_w = 400, .box_w = 24, .box_h = 24, .ofs_x = 1, .ofs_y = -3},
    {.bitmap_index = 7878, .adv_w = 400, .box_w = 24, .box_h = 23, .ofs_x = 0, .ofs_y = -2},
    {.bitmap_index = 7947, .adv_w = 400, .box_w = 24, .box_h = 23, .ofs_x = 1, .ofs_y = -2},
    {.bitmap_index = 8016, .adv_w = 400, .box_w = 25, .box_h = 23, .ofs_x = 0, .ofs_y = -2},
    {.bitmap_index = 8088, .adv_w = 400, .box_w = 27, .box_h = 24, .ofs_x = 0, .ofs_y = -2},
    {.bitmap_index = 8169, .adv_w = 400, .box_w = 25, .box_h = 23, .ofs_x = 0, .ofs_y = -2},
    {.bitmap_index = 8241, .adv_w = 400, .box_w = 25, .box_h = 23, .ofs_x = 0, .ofs_y = -2},
    {.bitmap_index = 8313, .adv_w = 400, .box_w = 24, .box_h = 22, .ofs_x = 0, .ofs_y = -1},
    {.bitmap_index = 8379, .adv_w = 400, .box_w = 22, .box_h = 23, .ofs_x = 3, .ofs_y = -2},
    {.bitmap_index = 8443, .adv_w = 400, .box_w = 24, .box_h = 23, .ofs_x = 0, .ofs_y = -2},
    {.bitmap_index = 8512, .adv_w = 400, .box_w = 23, .box_h = 23, .ofs_x = 1, .ofs_y = -2},
    {.bitmap_index = 8579, .adv_w = 400, .box_w = 25, .box_h = 24, .ofs_x = 1, .ofs_y = -2},
    {.bitmap_index = 8654, .adv_w = 400, .box_w = 23, .box_h = 23, .ofs_x = 1, .ofs_y = -2},
    {.bitmap_index = 8721, .adv_w = 400, .box_w = 23, .box_h = 23, .ofs_x = 1, .ofs_y = -2},
    {.bitmap_index = 8788, .adv_w = 400, .box_w = 25, .box_h = 22, .ofs_x = 0, .ofs_y = -1},
    {.bitmap_index = 8857, .adv_w = 400, .box_w = 22, .box_h = 23, .ofs_x = 1, .ofs_y = -2},
    {.bitmap_index = 8921, .adv_w = 400, .box_w = 21, .box_h = 23, .ofs_x = 3, .ofs_y = -2},
    {.bitmap_index = 8982, .adv_w = 400, .box_w = 24, .box_h = 25, .ofs_x = 1, .ofs_y = -3},
    {.bitmap_index = 9057, .adv_w = 400, .box_w = 24, .box_h = 23, .ofs_x = 1, .ofs_y = -2},
    {.bitmap_index = 9126, .adv_w = 400, .box_w = 24, .box_h = 23, .ofs_x = 1, .ofs_y = -2},
    {.bitmap_index = 9195, .adv_w = 400, .box_w = 24, .box_h = 23, .ofs_x = 0, .ofs_y = -2},
    {.bitmap_index = 9264, .adv_w = 400, .box_w = 24, .box_h = 23, .ofs_x = 1, .ofs_y = -2},
    {.bitmap_index = 9333, .adv_w = 400, .box_w = 23, .box_h = 23, .ofs_x = 1, .ofs_y = -2},
    {.bitmap_index = 9400, .adv_w = 400, .box_w = 23, .box_h = 24, .ofs_x = 1, .ofs_y = -2},
    {.bitmap_index = 9469, .adv_w = 400, .box_w = 24, .box_h = 24, .ofs_x = 1, .ofs_y = -3},
    {.bitmap_index = 9541, .adv_w = 400, .box_w = 24, .box_h = 25, .ofs_x = 1, .ofs_y = -3},
    {.bitmap_index = 9616, .adv_w = 400, .box_w = 25, .box_h = 24, .ofs_x = 0, .ofs_y = -3},
    {.bitmap_index = 9691, .adv_w = 400, .box_w = 24, .box_h = 24, .ofs_x = 1, .ofs_y = -2},
    {.bitmap_index = 9763, .adv_w = 400, .box_w = 25, .box_h = 23, .ofs_x = 0, .ofs_y = -2},
    {.bitmap_index = 9835, .adv_w = 400, .box_w = 17, .box_h = 24, .ofs_x = 5, .ofs_y = -2},
    {.bitmap_index = 9886, .adv_w = 400, .box_w = 24, .box_h = 23, .ofs_x = 0, .ofs_y = -2},
    {.bitmap_index = 9955, .adv_w = 400, .box_w = 26, .box_h = 23, .ofs_x = 0, .ofs_y = -2},
    {.bitmap_index = 10030, .adv_w = 400, .box_w = 24, .box_h = 23, .ofs_x = 0, .ofs_y = -2},
    {.bitmap_index = 10099, .adv_w = 400, .box_w = 22, .box_h = 23, .ofs_x = 1, .ofs_y = -2},
    {.bitmap_index = 10163, .adv_w = 400, .box_w = 24, .box_h = 24, .ofs_x = 1, .ofs_y = -2},
    {.bitmap_index = 10235, .adv_w = 400, .box_w = 23, .box_h = 22, .ofs_x = 1, .ofs_y = -1},
    {.bitmap_index = 10299, .adv_w = 400, .box_w = 24, .box_h = 24, .ofs_x = 1, .ofs_y = -2},
    {.bitmap_index = 10371, .adv_w = 400, .box_w = 23, .box_h = 23, .ofs_x = 1, .ofs_y = -2},
    {.bitmap_index = 10438, .adv_w = 400, .box_w = 23, .box_h = 23, .ofs_x = 1, .ofs_y = -2},
    {.bitmap_index = 10505, .adv_w = 400, .box_w = 25, .box_h = 24, .ofs_x = 0, .ofs_y = -2},
    {.bitmap_index = 10580, .adv_w = 400, .box_w = 24, .box_h = 23, .ofs_x = 0, .ofs_y = -2},
    {.bitmap_index = 10649, .adv_w = 400, .box_w = 23, .box_h = 22, .ofs_x = 1, .ofs_y = -1},
    {.bitmap_index = 10713, .adv_w = 400, .box_w = 23, .box_h = 22, .ofs_x = 1, .ofs_y = -1},
    {.bitmap_index = 10777, .adv_w = 400, .box_w = 26, .box_h = 23, .ofs_x = 1, .ofs_y = -2},
    {.bitmap_index = 10852, .adv_w = 400, .box_w = 24, .box_h = 24, .ofs_x = 1, .ofs_y = -3},
    {.bitmap_index = 10924, .adv_w = 400, .box_w = 22, .box_h = 23, .ofs_x = 2, .ofs_y = -2},
    {.bitmap_index = 10988, .adv_w = 400, .box_w = 21, .box_h = 23, .ofs_x = 2, .ofs_y = -2},
    {.bitmap_index = 11049, .adv_w = 400, .box_w = 23, .box_h = 24, .ofs_x = 2, .ofs_y = -2},
    {.bitmap_index = 11118, .adv_w = 400, .box_w = 23, .box_h = 24, .ofs_x = 2, .ofs_y = -2},
    {.bitmap_index = 11187, .adv_w = 400, .box_w = 22, .box_h = 23, .ofs_x = 2, .ofs_y = -2},
    {.bitmap_index = 11251, .adv_w = 400, .box_w = 24, .box_h = 24, .ofs_x = 1, .ofs_y = -3},
    {.bitmap_index = 11323, .adv_w = 400, .box_w = 26, .box_h = 25, .ofs_x = 0, .ofs_y = -3},
    {.bitmap_index = 11405, .adv_w = 400, .box_w = 4, .box_h = 19, .ofs_x = 4, .ofs_y = 0},
    {.bitmap_index = 11415, .adv_w = 400, .box_w = 7, .box_h = 23, .ofs_x = 16, .ofs_y = -2},
    {.bitmap_index = 11436, .adv_w = 400, .box_w = 7, .box_h = 23, .ofs_x = 2, .ofs_y = -2},
    {.bitmap_index = 11457, .adv_w = 400, .box_w = 4, .box_h = 13, .ofs_x = 5, .ofs_y = 1},
    {.bitmap_index = 11464, .adv_w = 400, .box_w = 17, .box_h = 19, .ofs_x = 4, .ofs_y = 0}
};

/*---------------------
 *  CHARACTER MAPPING
 *--------------------*/

static const uint16_t unicode_list_2[] = {
    0x0, 0x7, 0x1f76, 0x4d50, 0x4d5a, 0x4d5b, 0x4d6d, 0x4d8b,
    0x4ddb, 0x4e26, 0x4e46, 0x4e9d, 0x4eac, 0x4f2d, 0x4f3e, 0x4fcf,
    0x50c6, 0x50d5, 0x5102, 0x5116, 0x519d, 0x51eb, 0x51f8, 0x5297,
    0x52a5, 0x52db, 0x52ea, 0x52ef, 0x5312, 0x531a, 0x5326, 0x5328,
    0x5333, 0x5343, 0x5347, 0x5358, 0x535e, 0x53a8, 0x5507, 0x5658,
    0x5678, 0x5680, 0x5690, 0x56db, 0x5877, 0x5884, 0x5889, 0x5aa8,
    0x5aea, 0x5b16, 0x5b4c, 0x5b5f, 0x5d35, 0x5d36, 0x5ddf, 0x5df6,
    0x5e50, 0x5e5f, 0x5e70, 0x5ea3, 0x5ea5, 0x5ed4, 0x5f3b, 0x60b2,
    0x6187, 0x619b, 0x6239, 0x62f5, 0x641d, 0x6489, 0x6495, 0x64c0,
    0x64e9, 0x6500, 0x6535, 0x6546, 0x666f, 0x668a, 0x6696, 0x66a0,
    0x6757, 0x6810, 0x6971, 0x6ab3, 0x6b24, 0x6bb0, 0x6c9b, 0x6cd2,
    0x6cd8, 0x6e56, 0x7356, 0x7478, 0x7485, 0x7739, 0x7751, 0x77be,
    0x795b, 0x7a3f, 0x7aa2, 0x7af1, 0x7bcb, 0x7c4b, 0x7e0f, 0x7e56,
    0x8059, 0x813a, 0x879c, 0x87b5, 0x88d6, 0x8922, 0x8af4, 0x8b00,
    0x8b0e, 0x8c76, 0x8cc0, 0x8ebe, 0x8f2e, 0x8f50, 0x8f59, 0x8f6f,
    0x94cf, 0x953d, 0x9544, 0x959d, 0x95a0, 0x95ec, 0x97c5, 0x97c6,
    0xfe51, 0xfe58, 0xfe59, 0xfe6a, 0xff35
};

/*Collect the unicode lists and glyph_id offsets*/
static const lv_font_fmt_txt_cmap_t cmaps[] =
{
    {
        .range_start = 32, .range_length = 64, .glyph_id_start = 1,
        .unicode_list = NULL, .glyph_id_ofs_list = NULL, .list_length = 0, .type = LV_FONT_FMT_TXT_CMAP_FORMAT0_TINY
    },
    {
        .range_start = 97, .range_length = 30, .glyph_id_start = 65,
        .unicode_list = NULL, .glyph_id_ofs_list = NULL, .list_length = 0, .type = LV_FONT_FMT_TXT_CMAP_FORMAT0_TINY
    },
    {
        .range_start = 176, .range_length = 65334, .glyph_id_start = 95,
        .unicode_list = unicode_list_2, .glyph_id_ofs_list = NULL, .list_length = 133, .type = LV_FONT_FMT_TXT_CMAP_SPARSE_TINY
    }
};

/*-----------------
 *    KERNING
 *----------------*/


/*Map glyph_ids to kern left classes*/
static const uint8_t kern_left_class_mapping[] =
{
    0, 0, 0, 1, 2, 0, 0, 3,
    1, 4, 5, 6, 0, 7, 8, 7,
    9, 0, 0, 0, 0, 0, 0, 0,
    0, 0, 0, 10, 10, 0, 0, 0,
    11, 12, 13, 14, 15, 16, 17, 18,
    19, 20, 20, 21, 22, 23, 20, 24,
    25, 26, 25, 27, 28, 29, 30, 31,
    32, 33, 34, 35, 4, 36, 5, 0,
    37, 38, 39, 40, 41, 42, 43, 44,
    45, 46, 47, 48, 41, 45, 45, 39,
    39, 49, 50, 51, 52, 53, 54, 54,
    55, 54, 56, 4, 0, 5, 0, 0,
    57, 0, 0, 0, 0, 0, 0, 0,
    0, 0, 0, 0, 0, 0, 0, 0,
    0, 0, 0, 0, 0, 0, 0, 0,
    0, 0, 0, 0, 0, 0, 0, 0,
    0, 0, 0, 0, 0, 0, 0, 0,
    0, 0, 0, 0, 0, 0, 0, 0,
    0, 0, 0, 0, 0, 0, 0, 0,
    0, 0, 0, 0, 0, 0, 0, 0,
    0, 0, 0, 0, 0, 0, 0, 0,
    0, 0, 0, 0, 0, 0, 0, 0,
    0, 0, 0, 0, 0, 0, 0, 0,
    0, 0, 0, 0, 0, 0, 0, 0,
    0, 0, 0, 0, 0, 0, 0, 0,
    0, 0, 0, 0, 0, 0, 0, 0,
    0, 0, 0, 0, 0, 0, 0, 0,
    0, 0, 0, 0, 0, 0, 0, 0,
    0, 0, 0, 0
};

/*Map glyph_ids to kern right classes*/
static const uint8_t kern_right_class_mapping[] =
{
    0, 0, 1, 2, 3, 0, 0, 4,
    2, 5, 6, 7, 0, 8, 9, 10,
    11, 0, 0, 0, 0, 0, 0, 0,
    0, 0, 0, 12, 13, 0, 0, 0,
    14, 15, 16, 17, 18, 17, 17, 17,
    18, 17, 17, 19, 17, 17, 20, 20,
    18, 17, 18, 17, 21, 22, 23, 24,
    25, 26, 27, 28, 5, 29, 6, 0,
    30, 31, 32, 33, 33, 33, 34, 35,
    32, 36, 37, 32, 32, 38, 38, 33,
    39, 33, 38, 40, 41, 42, 43, 43,
    44, 45, 46, 5, 0, 6, 0, 0,
    47, 0, 0, 0, 0, 0, 0, 0,
    0, 0, 0, 0, 0, 0, 0, 0,
    0, 0, 0, 0, 0, 0, 0, 0,
    0, 0, 0, 0, 0, 0, 0, 0,
    0, 0, 0, 0, 0, 0, 0, 0,
    0, 0, 0, 0, 0, 0, 0, 0,
    0, 0, 0, 0, 0, 0, 0, 0,
    0, 0, 0, 0, 0, 0, 0, 0,
    0, 0, 0, 0, 0, 0, 0, 0,
    0, 0, 0, 0, 0, 0, 0, 0,
    0, 0, 0, 0, 0, 0, 0, 0,
    0, 0, 0, 0, 0, 0, 0, 0,
    0, 0, 0, 0, 0, 0, 0, 0,
    0, 0, 0, 0, 0, 0, 0, 0,
    0, 0, 0, 0, 0, 0, 0, 0,
    0, 0, 0, 0, 0, 0, 0, 0,
    0, 0, 0, 0
};

/*Kern values between classes*/
static const int8_t kern_class_values[] =
{
    0, 0, 0, 0, -6, 0, 0, -54,
    0, -54, -36, 0, 0, 0, 0, -59,
    0, -7, -4, 0, -6, 9, -3, 0,
    0, -2, 0, 0, 0, 0, -17, 0,
    -20, -10, -21, -4, 0, -5, -10, -17,
    -4, -4, 0, -4, 0, -6, 0, 0,
    0, 0, 0, 0, 0, 0, 0, 0,
    0, -6, 0, 0, 0, 0, -17, 0,
    7, 0, 0, 4, 0, 0, -5, -5,
    -4, -6, 0, 0, 0, 0, 0, 0,
    -2, -1, 0, 0, 0, 0, 0, 2,
    0, 7, 0, 7, 0, 0, 0, 0,
    0, 0, 0, -14, 0, -1, -8, -1,
    0, 0, 0, 0, 0, 0, 0, 0,
    -5, 0, 0, -27, -14, -29, -28, 0,
    -28, 0, 0, 0, 0, 0, -4, 0,
    0, 0, 0, 0, 0, 0, 0, 0,
    0, 0, 0, 0, 0, 0, 0, -5,
    -13, -28, 5, 0, 0, -18, 0, 0,
    -14, -14, 0, 0, -12, 0, -9, 30,
    0, -6, 0, -2, 0, 0, 0, -2,
    0, 0, 0, -5, 0, -12, -6, 0,
    0, 51, -5, 0, -9, -4, -10, -9,
    -6, 4, -6, -27, 0, 0, 0, 0,
    -4, -28, 0, -18, 0, -18, -8, 0,
    0, 0, 0, -2, 0, 0, 0, 0,
    0, -9, -9, -14, -14, -9, -14, 0,
    0, 0, 0, 0, 0, 0, 0, 0,
    0, 0, 0, 0, 0, 0, 0, 0,
    0, 0, 0, 0, 0, 0, 0, 0,
    0, 0, -44, 0, -44, 0, 0, 0,
    0, 0, -54, 0, -6, -7, 0, 0,
    8, 0, 0, 0, -1, 0, 0, 0,
    0, -17, 0, -16, -9, -21, 0, 0,
    -1, -2, -12, 0, -4, 0, -5, 0,
    -7, 0, 0, -36, 0, 0, -18, -16,
    -54, 0, -14, 0, 0, 0, 0, 0,
    0, 0, 0, -19, 4, 0, 0, -40,
    -28, -58, -54, 0, -47, 0, -54, 0,
    -8, -2, -12, -4, -5, 0, 11, 0,
    -13, -3, -16, -18, -38, 0, -18, -5,
    0, 0, 0, 0, 0, 0, -18, 0,
    -14, 0, -14, -13, 0, 0, 0, 0,
    -12, 0, 4, -9, -4, -2, -28, -4,
    -26, -23, -20, -27, -2, -14, 0, 0,
    -3, 2, -1, 2, 0, 0, 0, 0,
    0, 0, 0, -1, -9, -3, 0, 0,
    0, 0, -9, -14, -14, 0, 0, -58,
    -27, -58, -45, -10, -10, 0, -14, -35,
    0, 0, 0, 0, 0, 2, 0, 3,
    3, 0, 0, 0, 0, 0, -20, 0,
    -15, -2, -18, 0, 0, -10, -8, -13,
    0, -9, 0, -8, 0, -13, -17, 0,
    0, 0, 0, 0, 0, 0, 0, 0,
    0, 0, 0, 0, 0, 0, 0, 0,
    0, 6, 0, 0, -2, -6, -13, -13,
    -1, -18, 0, 0, 0, 0, 0, -3,
    0, 0, 0, 0, 0, -2, 0, 0,
    0, 0, 0, 0, 0, 0, 0, 0,
    0, 0, 0, -20, 0, -44, 0, -44,
    -30, 0, 0, 0, 0, 0, 0, 0,
    0, 0, 0, 0, 0, 0, 0, 0,
    0, 0, 0, 0, 0, 0, 0, 0,
    0, 0, 0, 0, 0, 0, 0, 0,
    0, 0, 0, 0, 0, 0, 0, 0,
    0, 0, 0, 0, -13, 0, -13, 0,
    0, 0, 0, 0, -16, -4, 6, -6,
    -6, 0, -4, -8, -10, -10, -10, -10,
    0, 0, -36, 0, -5, 0, -4, -2,
    0, 0, 0, -3, 0, 0, 0, 0,
    -2, 2, 0, 0, 0, -54, 0, 0,
    0, -12, -50, 0, -12, 0, 0, 0,
    0, -2, 0, 2, -2, -12, -6, -1,
    0, -30, -26, -49, -40, 0, -40, 0,
    -27, 0, -2, 0, -8, 0, -3, -2,
    -5, 0, -12, 0, -10, -13, -24, 0,
    -22, 0, -25, 0, -10, 0, 0, 0,
    -7, -6, -8, 4, -8, -12, 0, 0,
    0, 4, -15, -8, -1, -4, -5, 0,
    -9, -12, -20, -14, -13, -20, -1, -7,
    -18, 0, -4, 2, -5, -2, 0, 0,
    0, -4, 0, 0, -5, -4, -6, -3,
    0, -2, 0, 9, 0, 0, 0, 3,
    3, 0, 0, 0, 0, 2, 2, 0,
    2, -2, 0, -2, 0, 0, 0, 0,
    -6, -2, -2, 0, -5, 0, 0, -1,
    0, 0, 0, 0, 0, 0, 0, 0,
    -4, 0, 0, -6, -6, -2, -6, 0,
    -9, 0, -5, 0, -4, 0, -9, -2,
    -18, 3, -18, -14, 0, 0, 0, 3,
    -26, -10, 6, -6, -8, 0, -8, -10,
    -17, -18, -18, -22, -3, -7, -37, -4,
    -4, 0, 0, -4, 0, 0, 0, -4,
    -4, 0, 0, 0, -4, 0, -2, 0,
    0, 0, 0, 0, 0, 0, 0, 0,
    0, 0, 0, 0, 0, 0, 0, 0,
    0, -4, -2, 0, 0, 0, -8, -4,
    -4, -2, -5, 0, 0, 0, 0, 0,
    -2, 0, -1, 0, 0, 0, -8, 0,
    -4, -6, -12, 0, -10, 0, -13, 0,
    5, 0, -13, -8, 0, 3, -44, -10,
    -44, -32, -6, -6, 0, -17, -39, -3,
    -4, -2, -2, 0, 4, -2, 0, 0,
    -2, 0, -2, 7, -58, -22, -3, -22,
    -14, -26, -7, -6, -13, -20, -21, -4,
    -13, -13, -17, -13, -15, -15, 0, -4,
    0, 0, 0, 0, -4, -5, 6, -5,
    -9, 0, 0, 0, 3, -10, -3, 4,
    -4, -4, 0, -9, -9, -16, -16, -8,
    -16, -7, -4, -17, 0, -2, 0, 0,
    0, 0, 0, 0, -4, 0, 0, -2,
    -6, -8, -6, 0, 0, 0, 0, 0,
    0, 0, 0, 0, 0, 0, 0, 0,
    0, 0, 0, 0, 0, 0, -7, 0,
    0, 0, 0, 0, 0, 0, 0, 0,
    0, 0, 0, -9, 0, -12, -4, -6,
    0, -2, 0, -14, -7, -6, -14, -14,
    0, -12, 0, 0, 0, 0, 0, -10,
    -8, 0, 0, -27, -4, -27, -20, -10,
    -10, 0, -11, -21, -2, -6, -2, -4,
    -5, 0, -4, 0, 0, -4, 0, -4,
    0, -36, -16, 0, -12, -14, -15, -5,
    -5, -9, -17, -12, -10, -15, -15, -13,
    -12, -13, -9, 0, -4, 0, 0, -4,
    0, -6, 0, -13, 0, 0, 0, 0,
    -2, 0, 4, 0, -12, -5, 2, 0,
    -4, -8, -3, -3, 0, -4, 3, 0,
    0, -3, 0, -10, 0, -2, 0, -4,
    0, -12, 0, -13, -13, -22, 0, -21,
    0, -34, 0, -58, 0, 0, 0, -7,
    -44, 0, 0, 0, 0, 0, 0, 0,
    0, 0, -4, -5, -6, -1, -3, -32,
    -20, -45, -40, -3, -37, -1, -21, 0,
    0, 0, 0, -1, 0, 0, 0, 0,
    -6, 0, -3, -6, -21, 0, -17, 0,
    -17, 0, 0, 0, -10, -4, 0, 0,
    -19, -5, -19, -21, -7, -7, 0, -6,
    -20, -3, -7, -2, 0, -3, 0, -4,
    0, 0, -6, 0, -5, 0, -27, -13,
    0, -12, -10, -13, -8, -8, -10, -17,
    -12, -10, -13, -13, -14, -13, -13, -6,
    0, -7, 0, 0, 0, -9, -6, -16,
    4, -16, -5, 0, 0, 0, 9, -16,
    -7, 6, -5, -7, 0, -5, -8, -14,
    -10, -13, -14, 0, -1, -26, 0, -2,
    0, -2, 0, 0, 0, 0, 0, 0,
    0, 0, 0, 0, 0, 0, 0, 0,
    4, 0, -12, -4, -6, 9, -51, -2,
    -51, -28, 3, 3, -2, -4, -35, -4,
    2, -4, -2, 1, 2, -7, -4, -4,
    -10, -8, 0, 2, -71, -6, -5, -9,
    0, -7, 0, 0, -1, 0, -5, 3,
    0, 4, 0, 6, 0, 0, 0, -20,
    0, 0, -4, -4, -11, 0, -8, 0,
    0, 0, 0, -2, 0, 4, 0, -8,
    -6, 2, 0, -17, -20, -25, -21, 1,
    -21, 1, -13, 6, -2, 0, -6, 0,
    -2, 0, 0, 0, -7, 0, -6, -9,
    -10, 0, -10, 0, -17, 0, -4, 0,
    0, 0, -6, 0, -7, 0, -7, -5,
    0, 0, 0, 2, -10, -1, 0, -3,
    -1, -2, -6, -9, -10, -9, -6, -12,
    -4, 0, -22, 0, -1, 0, -3, -1,
    0, 0, 0, -4, 0, -4, -4, -8,
    -5, -8, 0, 0, 0, 9, 0, -14,
    -9, 0, 8, -40, -28, -40, -29, -2,
    -2, 0, -14, -31, 0, -5, -2, -2,
    -2, 2, -4, 0, 0, -3, 0, 0,
    10, -44, -24, 0, -32, -8, -22, -4,
    -4, -15, -26, -22, -4, -20, -20, -23,
    -20, -27, -18, 0, -2, 0, -17, -9,
    -4, 0, -37, -7, -37, -32, -9, -9,
    -2, -10, -35, -8, -12, -6, -5, -8,
    -4, -7, -4, -1, -4, 0, -4, 0,
    -42, -22, -2, -19, -13, -22, -12, -7,
    -12, -21, -18, -13, -19, -14, -20, -17,
    -19, -9, 0, 0, 0, -28, -18, 0,
    0, -64, -29, -64, -41, -18, -18, 0,
    -29, -51, 0, -18, 0, 0, -9, 0,
    -2, 2, 2, 0, 2, -4, 5, -74,
    -36, -2, -36, -18, -39, -14, -13, -28,
    -30, -36, -17, -28, -22, -31, -25, -30,
    -26, 0, 0, 0, -26, -18, 0, 0,
    -58, -27, -58, -38, -18, -18, 0, -31,
    -47, 0, -16, 0, -1, -9, 0, -2,
    2, 2, 0, 2, -4, 5, -66, -36,
    -2, -37, -18, -40, -13, -10, -22, -27,
    -32, -13, -26, -21, -28, -21, -30, -25,
    0, -2, 0, -4, -9, 0, -1, 0,
    -21, 0, 0, -1, -1, 0, 0, 0,
    0, -13, -2, 0, -3, -4, -4, 0,
    0, 0, 0, 1, 4, 0, -5, 0,
    -14, 0, 0, -2, -3, 0, -14, -2,
    -13, -18, -29, 0, -23, 0, -30, 0,
    0, 0, -26, -18, -2, 0, -42, -32,
    -42, -38, -22, -22, 0, -27, -41, 0,
    -20, 0, 0, -14, 2, 0, 2, 2,
    0, 0, 0, 9, -47, -35, -2, -39,
    -22, -38, -18, -13, -26, -34, -36, -25,
    -32, -27, -32, -27, -37, -31, 0, 0,
    0, 0, 0, 0, 0, 0, 0, 0,
    0, 0, 0, 0, 2, 0, 0, -1,
    0, 0, -2, -4, -6, -2, -2, 0,
    -2, 0, 0, 0, 0, 0, -2, 0,
    0, 0, 0, 0, -4, 0, -2, -7,
    -9, 0, -9, 0, -12, 0, -36, 0,
    0, 0, 0, 0, 3, -13, 3, 0,
    0, 0, 0, 0, 0, 0, -12, 37,
    -4, -4, -31, -29, -40, -35, -4, -32,
    -4, -45, 0, -4, 0, -4, -4, 6,
    0, 48, 0, 0, -4, -8, -7, -14,
    0, 9, 0, -18, 0, 0, 0, 0,
    0, 0, 0, 0, 0, 0, 0, 0,
    0, 0, -4, 0, 0, -28, 28, 0,
    -9, -44, -44, -71, -66, 0, -49, 0,
    0, 0, -12, 0, -24, 0, 0, 0,
    20, 0, -10, -10, -26, -22, -38, 0,
    -18, 0, 0, -2, -28, 0, 0, 0,
    -6, -20, 0, -2, 0, 0, 0, 0,
    -3, 0, 1, -2, -7, -8, 0, 0,
    -26, -18, -38, -36, 0, -34, 0, -21,
    0, 0, 0, 0, 0, -2, 0, 0,
    0, -8, 0, 0, -3, -8, 0, -6,
    0, -6, -2, -22, 0, 0, 0, -9,
    -16, -10, 2, -10, -8, -3, -3, -5,
    2, -20, -10, 0, -10, -7, -1, -27,
    -17, -34, -31, -13, -34, -2, -13, -24,
    -2, -1, 2, 0, 0, 0, 0, 0,
    -3, 0, -1, -1, -2, -8, -4, 0,
    0, 0, -4, 0, 0, 0, -8, -3,
    -5, 0, -5, -4, 0, 0, -2, -2,
    -8, -9, 0, -13, -4, -2, -20, -15,
    -30, -28, -10, -28, -2, -10, -14, -2,
    -8, -2, 0, 0, 0, 0, 0, -4,
    0, -2, -2, -4, -6, -2, 0, -2,
    0, -10, 0, -5, 0, -3, -9, -2,
    -4, -2, 0, 0, 0, -7, -2, 0,
    0, -2, -3, 0, 0, -10, -10, -14,
    -15, 0, -18, 0, -2, 0, -3, 0,
    0, 0, -3, 0, 0, 0, -6, 0,
    0, -2, -4, 0, -4, 0, -6, 0,
    -13, 0, 0, 0, -9, -10, -6, 0,
    -6, -3, 0, 0, -3, 0, -8, -4,
    0, -10, -4, -2, -23, -13, -30, -26,
    -9, -31, -2, -13, -18, -1, -6, 0,
    -1, 0, 0, 0, 0, -3, 0, 0,
    0, -1, -2, -1, 0, 0, 21, 42,
    0, 0, 0, 42, 31, -13, -10, -13,
    -4, 0, 0, 20, -2, -5, 22, 2,
    24, 25, 10, 32, 27, 34, 34, 29,
    34, 25, 47, -6, 0, -4, -6, 0,
    -2, 14, 14, 0, 0, 0, 0, -3,
    5, 0, 5, 0, -4, -2, 0, 0,
    -10, 0, -2, -2, 0, -6, 0, 9,
    0, 0, -2, -2, 0, -6, 0, 31,
    -2, 0, -9, -14, -18, -20, 0, -24,
    0, -10, 0, -7, -3, -5, 0, -3,
    0, 24, 0, -2, 0, 0, 0, 3,
    0, 5, 0, -5, -2, -26, 0, -2,
    0, -9, -24, 0, 0, 0, 0, 0,
    0, -5, 0, 0, -2, -3, -9, 0,
    0, -28, -16, -38, -35, 0, -33, 0,
    -22, 0, -2, 0, 0, 0, 0, 0,
    0, 0, -6, 0, -2, -2, -12, 0,
    -12, 0, -6, -2, -2, 0, -4, 0,
    0, -4, 0, 0, 0, 0, 0, 0,
    -2, 0, 0, -2, 0, 0, 0, 0,
    -10, -10, -12, -10, 0, -10, 0, 0,
    0, 0, 0, 0, 0, 0, 0, 0,
    0, -3, 0, 0, 0, -4, 0, -4,
    0, -6, 0, -2, 0, -6, 0, 4,
    -4, -10, -2, -10, -3, -7, -7, -3,
    0, -7, -5, -3, 10, -4, 0, -4,
    -10, -11, -10, -4, -10, 0, 0, -18,
    -2, -3, 0, 0, -3, 0, 8, 0,
    -3, 0, 0, 0, 0, -2, 0, -2,
    -6, -4, -8, 0, -4, 0, -10, -6,
    -2, -14, -2, 0, -5, -5, -6, 0,
    5, -2, -3, -13, 2, 0, -24, -18,
    -28, -24, 0, -29, 3, -9, 0, 0,
    0, -8, 0, 0, 0, 0, 0, -6,
    -1, -2, -4, 0, 0, 0, 2, -12,
    0, -12, 0, -5, 0, 2, -8, 2,
    -2, -3, 7, -2, 14, -3, 0, -7,
    -10, -2, 21, -7, 0, -22, -18, -32,
    -26, -6, -32, -2, -9, -5, -4, -1,
    -2, 0, 0, 0, 29, -2, 0, 0,
    0, 0, 0, -2, 4, -2, -6, -2,
    2, 0, -16, 0, -14, 0, -42, -12,
    -42, -23, -3, -3, -6, -6, -29, -12,
    0, -12, -9, 0, -4, -12, -19, -18,
    -25, -23, -4, -5, -40, -8, -8, -7,
    0, -7, 0, 0, 0, 0, -3, 4,
    0, 6, 0, 6, 0, -4, -2, -14,
    0, 0, 0, -11, -7, -8, 0, -8,
    -4, 0, 0, -4, 0, -6, -7, 0,
    -12, -6, 0, -16, -12, -29, -25, -2,
    -35, -2, -16, -18, -2, -6, 0, 0,
    -2, 0, 0, 0, -4, 0, 0, -2,
    -2, -2, -2, 0, -5, 0, -3, 0,
    0, 0, 0, 0, 0, -10, 0, 0,
    0, 0, -4, 0, 3, -2, 0, -6,
    0, 0, -6, -9, -16, -13, 0, -18,
    1, -3, 1, 0, 0, 0, 0, 0,
    0, 0, 0, -2, 2, 0, -2, 2,
    0, 0, 2, -6, 0, -16, 0, -2,
    0, -4, -13, 0, 0, 0, 0, -2,
    -2, -4, 0, 0, 0, -3, -10, 0,
    0, -22, -13, -29, -25, 0, -27, 0,
    -10, 0, 0, 0, -1, 0, 0, 0,
    0, 0, -4, 2, 0, 0, -7, 0,
    -7, 0, -4, -2, -3, 0, -18, 0,
    -18, -3, -45, -11, -45, -24, -5, -5,
    -10, -9, -35, -14, 0, -18, -13, -2,
    -18, -14, -22, -18, -24, -26, -12, 0,
    -46, -9, -10, -10, 0, -10, 0, 0,
    0, 0, -6, 1, 0, 3, 0, 0,
    0, -6, 0, -4, 0, -4, 0, -7,
    -8, 0, -16, 0, 0, 0, 0, -4,
    -2, 1, 0, -5, -12, 0, 0, -24,
    -17, -29, -26, 0, -32, 0, -4, 0,
    -2, 0, -8, 0, -3, 0, -3, 0,
    -8, 0, -2, -4, 0, 1, 0, 0,
    -14, 0, -2, 0, 0, 0, -6, -4,
    0, 0, 0, 0, 0, 0, 0, 0,
    0, 0, 0, -4, 0, 0, -17, -13,
    -27, -23, 0, -29, 0, -4, 0, 0,
    0, 0, 0, 0, 0, 0, 0, -3,
    0, 0, 0, 2, 0, 2, 0, -3,
    0, 0, 0, 0, 0, -27, 0, 0,
    0, 0, -17, 0, 0, 0, 0, -25,
    0, 0, 0, -3, 0, -18, -4, -22,
    -20, -27, -27, -10, -8, 0, 0, -6,
    0, -2, -4, 0, 0, 0, -4, 0,
    0, 0, 0, -8, 0, 0, 0
};


/*Collect the kern class' data in one place*/
static const lv_font_fmt_txt_kern_classes_t kern_classes =
{
    .class_pair_values   = kern_class_values,
    .left_class_mapping  = kern_left_class_mapping,
    .right_class_mapping = kern_right_class_mapping,
    .left_class_cnt      = 57,
    .right_class_cnt     = 47,
};

/*--------------------
 *  ALL CUSTOM DATA
 *--------------------*/

#if LVGL_VERSION_MAJOR == 8
/*Store all the custom data of the font*/
static  lv_font_fmt_txt_glyph_cache_t cache;
#endif

#if LVGL_VERSION_MAJOR >= 8
static const lv_font_fmt_txt_dsc_t font_dsc = {
#else
static lv_font_fmt_txt_dsc_t font_dsc = {
#endif
    .glyph_bitmap = glyph_bitmap,
    .glyph_dsc = glyph_dsc,
    .cmaps = cmaps,
    .kern_dsc = &kern_classes,
    .kern_scale = 16,
    .cmap_num = 3,
    .bpp = 1,
    .kern_classes = 1,
    .bitmap_format = 0,
#if LVGL_VERSION_MAJOR == 8
    .cache = &cache
#endif
};



/*-----------------
 *  PUBLIC FONT
 *----------------*/

/*Initialize a public general font descriptor*/
#if LVGL_VERSION_MAJOR >= 8
const lv_font_t lv_font_cn_songti_bold_25 = {
#else
lv_font_t lv_font_cn_songti_bold_25 = {
#endif
    .get_glyph_dsc = lv_font_get_glyph_dsc_fmt_txt,    /*Function pointer to get glyph's data*/
    .get_glyph_bitmap = lv_font_get_bitmap_fmt_txt,    /*Function pointer to get glyph's bitmap*/
    .line_height = 29,          /*The maximum line height required by the font*/
    .base_line = 7,             /*Baseline measured from the bottom of the line*/
#if !(LVGL_VERSION_MAJOR == 6 && LVGL_VERSION_MINOR == 0)
    .subpx = LV_FONT_SUBPX_NONE,
#endif
#if LV_VERSION_CHECK(7, 4, 0) || LVGL_VERSION_MAJOR >= 8
    .underline_position = -3,
    .underline_thickness = 1,
#endif
    .dsc = &font_dsc,          /*The custom font data. Will be accessed by `get_glyph_bitmap/dsc` */
#if LV_VERSION_CHECK(8, 2, 0) || LVGL_VERSION_MAJOR >= 9
    .fallback = NULL,
#endif
    .user_data = NULL,
};



#endif /*#if LV_FONT_CN_SONGTI_BOLD_25*/

